[
{
    "model": "AlphaAutos.concesionario",
    "pk": 1,
    "fields": {
        "nombre": "Human clear add but project past see southern.",
        "direccion": "Establish box understand leader protect. Consider wish report part ever. System size TV blue.\nNature house edge get next board painting speak. Capital animal worry pick lead color travel.",
        "telefono": "Sense college.",
        "ciudad": "Fast often sing meeting street affect quite."
    }
},
{
    "model": "AlphaAutos.concesionario",
    "pk": 2,
    "fields": {
        "nombre": "Man amount add play sit. Others term staff task.",
        "direccion": "Too trade partner common. Dinner behind talk weight. Direction matter assume cup picture.\nKitchen type dinner entire. Response agency represent less someone business save.",
        "telefono": "Future radio fill.",
        "ciudad": "Somebody nation none security will allow."
    }
},
{
    "model": "AlphaAutos.concesionario",
    "pk": 3,
    "fields": {
        "nombre": "Turn feeling PM politics yeah point central then. Represent exist anyone fine.",
        "direccion": "Myself put figure bed. Wear discover base head rich. Choice put as gas attention heavy.\nLow news I hard down. Fear less level fund. Result take kid many art sell.",
        "telefono": "Product fact one.",
        "ciudad": "Myself wide gun heavy site eight."
    }
},
{
    "model": "AlphaAutos.concesionario",
    "pk": 4,
    "fields": {
        "nombre": "Picture often fast stand. Focus very high professional realize whole.",
        "direccion": "Two during person should raise throw. Training write role wrong five future art. Education yourself author group nothing father center market.",
        "telefono": "Suggest happen.",
        "ciudad": "Yard while class current."
    }
},
{
    "model": "AlphaAutos.concesionario",
    "pk": 5,
    "fields": {
        "nombre": "Since prepare international hospital. Dream keep and Democrat.",
        "direccion": "American important stand public road per sea. Class by force enter if six. Business usually example career.\nCall poor friend experience explain.\nQuite center father phone show enjoy.",
        "telefono": "She me effort happy.",
        "ciudad": "Probably set trip fact."
    }
},
{
    "model": "AlphaAutos.concesionario",
    "pk": 6,
    "fields": {
        "nombre": "Concesionario Infraestructuras Roca S.Coop.",
        "direccion": "Paseo Magdalena Quintana 84 Piso 5 \nSoria, 31157",
        "telefono": "+34 820 22 08 24",
        "ciudad": "Jaén"
    }
},
{
    "model": "AlphaAutos.concesionario",
    "pk": 7,
    "fields": {
        "nombre": "Concesionario Transportes Iberia S.L.",
        "direccion": "Urbanización Victor Torrents 4 Piso 5 \nTarragona, 42871",
        "telefono": "+34 820077053",
        "ciudad": "Madrid"
    }
},
{
    "model": "AlphaAutos.concesionario",
    "pk": 8,
    "fields": {
        "nombre": "Concesionario Consultoría Busquets S.L.L.",
        "direccion": "Pasaje de Leonardo Azcona 889 Piso 0 \nMelilla, 44017",
        "telefono": "+34 807179479",
        "ciudad": "Álava"
    }
},
{
    "model": "AlphaAutos.concesionario",
    "pk": 9,
    "fields": {
        "nombre": "Concesionario Juárez y asociados S.A.",
        "direccion": "Via de Natalio Quintero 686 Piso 7 \nVizcaya, 08989",
        "telefono": "+34 803 714 466",
        "ciudad": "Burgos"
    }
},
{
    "model": "AlphaAutos.concesionario",
    "pk": 10,
    "fields": {
        "nombre": "Concesionario Iglesias y asociados S.A.",
        "direccion": "Cuesta Agustín Galán 33\nLleida, 03325",
        "telefono": "+34 928135671",
        "ciudad": "Tarragona"
    }
},
{
    "model": "AlphaAutos.concesionario",
    "pk": 11,
    "fields": {
        "nombre": "Concesionario Tecnologías HN S.L.L.",
        "direccion": "Cuesta de Olegario Gascón 52 Piso 1 \nBadajoz, 26534",
        "telefono": "+34 883 95 77 31",
        "ciudad": "Sevilla"
    }
},
{
    "model": "AlphaAutos.concesionario",
    "pk": 12,
    "fields": {
        "nombre": "Concesionario Construcción Pardo & Asociados S.A.",
        "direccion": "Camino de Concha Giménez 8\nCastellón, 45254",
        "telefono": "+34 871 319 736",
        "ciudad": "Málaga"
    }
},
{
    "model": "AlphaAutos.concesionario",
    "pk": 13,
    "fields": {
        "nombre": "Concesionario Alimentación TMS S.Com.",
        "direccion": "Callejón de Gregorio Coca 38 Piso 8 \nPalencia, 33355",
        "telefono": "+34 972049697",
        "ciudad": "Melilla"
    }
},
{
    "model": "AlphaAutos.concesionario",
    "pk": 14,
    "fields": {
        "nombre": "Concesionario Rodolfo Asensio Gordillo S.L.U.",
        "direccion": "Rambla Carmen Moliner 171\nHuesca, 41942",
        "telefono": "+34 806 919 767",
        "ciudad": "Palencia"
    }
},
{
    "model": "AlphaAutos.concesionario",
    "pk": 15,
    "fields": {
        "nombre": "Concesionario Contreras y Gracia S.A.",
        "direccion": "Plaza de Leandra Donoso 668\nLa Rioja, 18442",
        "telefono": "+34820 28 52 91",
        "ciudad": "Salamanca"
    }
},
{
    "model": "AlphaAutos.empleado",
    "pk": 1,
    "fields": {
        "concesionario": 3,
        "nombre": "Anyone hope street surface drive it ground sense. Design peace industry best. Wind deal stay law.",
        "puesto": "Say reason protect deal voice east. Speech move too them eye else why commercial.",
        "salario": "0.99",
        "fecha_contratacion": "1978-07-10"
    }
},
{
    "model": "AlphaAutos.empleado",
    "pk": 2,
    "fields": {
        "concesionario": 3,
        "nombre": "Teach pick perhaps technology. Appear Democrat cell add.",
        "puesto": "Glass meeting book charge garden.",
        "salario": "0.73",
        "fecha_contratacion": "1993-03-17"
    }
},
{
    "model": "AlphaAutos.empleado",
    "pk": 3,
    "fields": {
        "concesionario": 3,
        "nombre": "Road another should to. Toward push mouth much north hand.",
        "puesto": "Region decade safe partner. Around above certainly station stop.",
        "salario": "0.78",
        "fecha_contratacion": "2013-02-17"
    }
},
{
    "model": "AlphaAutos.empleado",
    "pk": 4,
    "fields": {
        "concesionario": 3,
        "nombre": "Nor time everyone customer firm impact both region. Talk fire within agency. Stage word offer.",
        "puesto": "Add cause number answer discuss five wear. Laugh common maybe top prevent cause.",
        "salario": "0.77",
        "fecha_contratacion": "1970-11-08"
    }
},
{
    "model": "AlphaAutos.empleado",
    "pk": 5,
    "fields": {
        "concesionario": 5,
        "nombre": "From eat debate fill rate test. Finish kind also throughout space west water raise.",
        "puesto": "Go win police send summer and. Day available always future collection produce.",
        "salario": "0.72",
        "fecha_contratacion": "2013-05-02"
    }
},
{
    "model": "AlphaAutos.empleado",
    "pk": 6,
    "fields": {
        "concesionario": 6,
        "nombre": "Loreto Álvarez Rey",
        "puesto": "Mecánico",
        "salario": "1403.91",
        "fecha_contratacion": "2023-03-24"
    }
},
{
    "model": "AlphaAutos.empleado",
    "pk": 7,
    "fields": {
        "concesionario": 15,
        "nombre": "Corona Armas Cabo",
        "puesto": "Mecánico",
        "salario": "2800.82",
        "fecha_contratacion": "2016-11-22"
    }
},
{
    "model": "AlphaAutos.empleado",
    "pk": 8,
    "fields": {
        "concesionario": 14,
        "nombre": "Adolfo Cabeza-Millán",
        "puesto": "Vendedor",
        "salario": "2661.58",
        "fecha_contratacion": "2016-05-23"
    }
},
{
    "model": "AlphaAutos.empleado",
    "pk": 9,
    "fields": {
        "concesionario": 12,
        "nombre": "Baldomero Morante Jaume",
        "puesto": "Administrativo",
        "salario": "1728.94",
        "fecha_contratacion": "2015-12-15"
    }
},
{
    "model": "AlphaAutos.empleado",
    "pk": 10,
    "fields": {
        "concesionario": 15,
        "nombre": "Óscar Vicente Valentín Villanueva",
        "puesto": "Administrativo",
        "salario": "2983.27",
        "fecha_contratacion": "2022-12-09"
    }
},
{
    "model": "AlphaAutos.empleado",
    "pk": 11,
    "fields": {
        "concesionario": 10,
        "nombre": "Eliseo Ferrera Mascaró",
        "puesto": "Gerente",
        "salario": "1314.64",
        "fecha_contratacion": "2019-12-19"
    }
},
{
    "model": "AlphaAutos.empleado",
    "pk": 12,
    "fields": {
        "concesionario": 14,
        "nombre": "Pánfilo Sacristán Crespo",
        "puesto": "Gerente",
        "salario": "1418.24",
        "fecha_contratacion": "2019-05-02"
    }
},
{
    "model": "AlphaAutos.empleado",
    "pk": 13,
    "fields": {
        "concesionario": 10,
        "nombre": "Timoteo Valencia Muro",
        "puesto": "Mecánico",
        "salario": "1970.45",
        "fecha_contratacion": "2022-10-15"
    }
},
{
    "model": "AlphaAutos.empleado",
    "pk": 14,
    "fields": {
        "concesionario": 15,
        "nombre": "Sofía Bayón Bauzà",
        "puesto": "Administrativo",
        "salario": "2686.77",
        "fecha_contratacion": "2024-07-23"
    }
},
{
    "model": "AlphaAutos.empleado",
    "pk": 15,
    "fields": {
        "concesionario": 13,
        "nombre": "Flavio Rodrigo",
        "puesto": "Mecánico",
        "salario": "2363.90",
        "fecha_contratacion": "2021-12-06"
    }
},
{
    "model": "AlphaAutos.usuario_empleado",
    "pk": 1,
    "fields": {
        "empleado": 2,
        "direccion": "Man speak child country pattern item free. Charge why message economy.\nSerious vote food wife land. Them up Mrs maintain before pull act.",
        "telefono": "This challenge.",
        "experiencia": -2601
    }
},
{
    "model": "AlphaAutos.usuario_empleado",
    "pk": 2,
    "fields": {
        "empleado": 3,
        "direccion": "Use produce reality challenge impact. Senior foot remain feel series performance number. On reveal miss staff expert three.\nWrong letter all person east garden. Now everybody statement know.",
        "telefono": "Keep career evening.",
        "experiencia": -24106
    }
},
{
    "model": "AlphaAutos.usuario_empleado",
    "pk": 3,
    "fields": {
        "empleado": 1,
        "direccion": "Organization create high enter current. Pick such eight blood feeling.\nSomebody establish role grow film husband mouth thing. Standard mind question economy.\nSay great build fear.",
        "telefono": "Rise lot this.",
        "experiencia": 31007
    }
},
{
    "model": "AlphaAutos.usuario_empleado",
    "pk": 4,
    "fields": {
        "empleado": 5,
        "direccion": "Them concern pretty care war.\nHot task Congress building election company may. Half he with water direction likely.\nBaby particularly less himself or kid. Blood create life yard open.",
        "telefono": "Program floor.",
        "experiencia": -12836
    }
},
{
    "model": "AlphaAutos.usuario_empleado",
    "pk": 5,
    "fields": {
        "empleado": 4,
        "direccion": "Republican offer marriage something of agent. Sign business loss door. Herself southern back.",
        "telefono": "Hit hotel however.",
        "experiencia": -8081
    }
},
{
    "model": "AlphaAutos.usuario_empleado",
    "pk": 6,
    "fields": {
        "empleado": 6,
        "direccion": "C. de Santiago Viana 57 Apt. 86 \nSegovia, 06054",
        "telefono": "+34 823365078",
        "experiencia": 18
    }
},
{
    "model": "AlphaAutos.usuario_empleado",
    "pk": 7,
    "fields": {
        "empleado": 7,
        "direccion": "Calle de Nazaret Valera 74 Puerta 9 \nCantabria, 11644",
        "telefono": "+34 845 60 05 24",
        "experiencia": 2
    }
},
{
    "model": "AlphaAutos.usuario_empleado",
    "pk": 8,
    "fields": {
        "empleado": 8,
        "direccion": "Urbanización Emigdio Villanueva 72\nÁvila, 16923",
        "telefono": "+34825819502",
        "experiencia": 7
    }
},
{
    "model": "AlphaAutos.usuario_empleado",
    "pk": 9,
    "fields": {
        "empleado": 9,
        "direccion": "Alameda Felipe Verdú 92\nBarcelona, 28036",
        "telefono": "+34 803829334",
        "experiencia": 20
    }
},
{
    "model": "AlphaAutos.usuario_empleado",
    "pk": 10,
    "fields": {
        "empleado": 10,
        "direccion": "C. Gisela Llanos 70\nBarcelona, 37915",
        "telefono": "+34803 87 58 58",
        "experiencia": 8
    }
},
{
    "model": "AlphaAutos.usuario_empleado",
    "pk": 11,
    "fields": {
        "empleado": 11,
        "direccion": "Glorieta Amelia Enríquez 54 Puerta 1 \nCantabria, 08762",
        "telefono": "+34827 810 931",
        "experiencia": 0
    }
},
{
    "model": "AlphaAutos.usuario_empleado",
    "pk": 12,
    "fields": {
        "empleado": 12,
        "direccion": "Urbanización Amor Osuna 17\nLas Palmas, 44556",
        "telefono": "+34 886521288",
        "experiencia": 0
    }
},
{
    "model": "AlphaAutos.usuario_empleado",
    "pk": 13,
    "fields": {
        "empleado": 13,
        "direccion": "Callejón de Clara Casals 50 Puerta 9 \nAlmería, 11835",
        "telefono": "+34 973 68 05 94",
        "experiencia": 19
    }
},
{
    "model": "AlphaAutos.usuario_empleado",
    "pk": 14,
    "fields": {
        "empleado": 14,
        "direccion": "Cañada de María Ángeles Marqués 20\nÁlava, 19286",
        "telefono": "+34 947 800 320",
        "experiencia": 0
    }
},
{
    "model": "AlphaAutos.usuario_empleado",
    "pk": 15,
    "fields": {
        "empleado": 15,
        "direccion": "Paseo Godofredo Carrillo 62\nLleida, 05341",
        "telefono": "+34927 39 27 49",
        "experiencia": 12
    }
},
{
    "model": "AlphaAutos.marca",
    "pk": 1,
    "fields": {
        "nombre": "Join executive gas second himself.",
        "pais_origen": "Business view follow which similar.",
        "anio_fundacion": -28300,
        "descripcion": "See brother whom business. Effect another recognize tough.\nBehavior join travel billion because fast. Section stay catch beautiful these mind."
    }
},
{
    "model": "AlphaAutos.marca",
    "pk": 2,
    "fields": {
        "nombre": "Edge total history customer recently base.",
        "pais_origen": "Them magazine forward west tonight performance.",
        "anio_fundacion": 19784,
        "descripcion": "Economy various natural suggest play. Its choice development.\nDemocratic against simple. Market executive past task outside staff."
    }
},
{
    "model": "AlphaAutos.marca",
    "pk": 3,
    "fields": {
        "nombre": "True both boy month Mrs.",
        "pais_origen": "Property line if me.",
        "anio_fundacion": -1882,
        "descripcion": "Pass Congress both determine magazine thought far. Answer to foot religious property capital. Cultural life either foreign cause finally. Rate performance clearly in."
    }
},
{
    "model": "AlphaAutos.marca",
    "pk": 4,
    "fields": {
        "nombre": "Perhaps enough that seek. Car military wind.",
        "pais_origen": "Manage need poor large.",
        "anio_fundacion": -6053,
        "descripcion": "Increase focus marriage he relationship every beyond. Energy especially beyond apply. Number everyone young paper say can."
    }
},
{
    "model": "AlphaAutos.marca",
    "pk": 5,
    "fields": {
        "nombre": "Against authority ball course down air director.",
        "pais_origen": "Tree subject stop detail worker less.",
        "anio_fundacion": -10820,
        "descripcion": "Voice herself keep point. Very argue necessary war seat. May begin perhaps available effect statement."
    }
},
{
    "model": "AlphaAutos.marca",
    "pk": 6,
    "fields": {
        "nombre": "Alcántara y Cobos S.L.",
        "pais_origen": "Trinidad y Tabago",
        "anio_fundacion": 2018,
        "descripcion": "anio elementos francisco mesa diversas últimos."
    }
},
{
    "model": "AlphaAutos.marca",
    "pk": 7,
    "fields": {
        "nombre": "Restauración Albero S.C.P",
        "pais_origen": "Azerbaiyán",
        "anio_fundacion": 1971,
        "descripcion": "Última solo salud varias objeto esfuerzo democracia."
    }
},
{
    "model": "AlphaAutos.marca",
    "pk": 8,
    "fields": {
        "nombre": "Talleres del Noroeste S.A.",
        "pais_origen": "Uganda",
        "anio_fundacion": 1952,
        "descripcion": "Crisis hacerlo embargo contenido. Podía argentina lenguaje acerca."
    }
},
{
    "model": "AlphaAutos.marca",
    "pk": 9,
    "fields": {
        "nombre": "Inversiones Internacionales S.L.N.E",
        "pais_origen": "Guinea",
        "anio_fundacion": 1979,
        "descripcion": "Viene director grande hacen hemos otra estados presenta. Principales cuarto políticas vía marzo."
    }
},
{
    "model": "AlphaAutos.marca",
    "pk": 10,
    "fields": {
        "nombre": "Distribuciones Piñol y asociados S.L.",
        "pais_origen": "República Democrática Popular Lao",
        "anio_fundacion": 1977,
        "descripcion": "Palabras experiencia tu principios victoria creo. Creo viaje c aun evitar mercado para."
    }
},
{
    "model": "AlphaAutos.marca",
    "pk": 11,
    "fields": {
        "nombre": "Vilma Leiva Izaguirre S.A.T.",
        "pais_origen": "Iraq",
        "anio_fundacion": 1992,
        "descripcion": "Especie sur francisco. Va posición buenos elementos productos ir n."
    }
},
{
    "model": "AlphaAutos.marca",
    "pk": 12,
    "fields": {
        "nombre": "Familia López S.Coop.",
        "pais_origen": "Zimbabwe",
        "anio_fundacion": 2012,
        "descripcion": "Cuando asociación acuerdo bajo. Se fecha servicio."
    }
},
{
    "model": "AlphaAutos.marca",
    "pk": 13,
    "fields": {
        "nombre": "Consultoría Pallarès S.A.",
        "pais_origen": "Mongolia",
        "anio_fundacion": 1967,
        "descripcion": "Mano salir éste control buen. Democracia embargo pronto señora población antes."
    }
},
{
    "model": "AlphaAutos.marca",
    "pk": 14,
    "fields": {
        "nombre": "Dolores Fabregat Cantero S.A.T.",
        "pais_origen": "Malta",
        "anio_fundacion": 2016,
        "descripcion": "Tan las enfermedad. Martín gonzález uso etc radio casa."
    }
},
{
    "model": "AlphaAutos.marca",
    "pk": 15,
    "fields": {
        "nombre": "Infraestructuras Espaniola S.L.",
        "pais_origen": "Tailandia",
        "anio_fundacion": 1998,
        "descripcion": "Negro queda tenían espanioles acerca."
    }
},
{
    "model": "AlphaAutos.coche",
    "pk": 1,
    "fields": {
        "marca": 2,
        "concesionario": 5,
        "modelo": "Generation true white admit. Hospital live wife position.",
        "precio": "0.31",
        "transmision": "MT",
        "fecha_fabricacion": "2024-12-28"
    }
},
{
    "model": "AlphaAutos.coche",
    "pk": 2,
    "fields": {
        "marca": 4,
        "concesionario": 1,
        "modelo": "Participant boy yet probably PM whole. Week trade outside safe.",
        "precio": "0.27",
        "transmision": "MT",
        "fecha_fabricacion": "2002-03-10"
    }
},
{
    "model": "AlphaAutos.coche",
    "pk": 3,
    "fields": {
        "marca": 2,
        "concesionario": 5,
        "modelo": "Make responsibility some scene ability service entire actually. Former blue guess.",
        "precio": "0.97",
        "transmision": "MT",
        "fecha_fabricacion": "1984-04-20"
    }
},
{
    "model": "AlphaAutos.coche",
    "pk": 4,
    "fields": {
        "marca": 2,
        "concesionario": 2,
        "modelo": "His hear east style. Black eye expect night worker.",
        "precio": "0.71",
        "transmision": "MT",
        "fecha_fabricacion": "1988-05-26"
    }
},
{
    "model": "AlphaAutos.coche",
    "pk": 5,
    "fields": {
        "marca": 2,
        "concesionario": 3,
        "modelo": "Sister quite available gas. Green camera receive every experience.",
        "precio": "0.31",
        "transmision": "MT",
        "fecha_fabricacion": "1971-08-08"
    }
},
{
    "model": "AlphaAutos.coche",
    "pk": 6,
    "fields": {
        "marca": 9,
        "concesionario": 6,
        "modelo": "Tal",
        "precio": "35682.30",
        "transmision": "MT",
        "fecha_fabricacion": "2021-06-23"
    }
},
{
    "model": "AlphaAutos.coche",
    "pk": 7,
    "fields": {
        "marca": 14,
        "concesionario": 7,
        "modelo": "Pacientes",
        "precio": "13316.50",
        "transmision": "AT",
        "fecha_fabricacion": "2021-06-28"
    }
},
{
    "model": "AlphaAutos.coche",
    "pk": 8,
    "fields": {
        "marca": 13,
        "concesionario": 8,
        "modelo": "Hombres",
        "precio": "44025.13",
        "transmision": "AT",
        "fecha_fabricacion": "2023-04-25"
    }
},
{
    "model": "AlphaAutos.coche",
    "pk": 9,
    "fields": {
        "marca": 15,
        "concesionario": 12,
        "modelo": "Vivir",
        "precio": "34471.34",
        "transmision": "MT",
        "fecha_fabricacion": "2024-01-14"
    }
},
{
    "model": "AlphaAutos.coche",
    "pk": 10,
    "fields": {
        "marca": 8,
        "concesionario": 13,
        "modelo": "Marzo",
        "precio": "22264.21",
        "transmision": "AT",
        "fecha_fabricacion": "2024-06-26"
    }
},
{
    "model": "AlphaAutos.coche",
    "pk": 11,
    "fields": {
        "marca": 7,
        "concesionario": 6,
        "modelo": "Parece",
        "precio": "46355.46",
        "transmision": "MT",
        "fecha_fabricacion": "2021-02-24"
    }
},
{
    "model": "AlphaAutos.coche",
    "pk": 12,
    "fields": {
        "marca": 15,
        "concesionario": 10,
        "modelo": "Popular",
        "precio": "29011.23",
        "transmision": "AT",
        "fecha_fabricacion": "2025-03-23"
    }
},
{
    "model": "AlphaAutos.coche",
    "pk": 13,
    "fields": {
        "marca": 15,
        "concesionario": 11,
        "modelo": "Siglo",
        "precio": "57729.17",
        "transmision": "AT",
        "fecha_fabricacion": "2025-01-16"
    }
},
{
    "model": "AlphaAutos.coche",
    "pk": 14,
    "fields": {
        "marca": 10,
        "concesionario": 8,
        "modelo": "Corte",
        "precio": "32760.27",
        "transmision": "AT",
        "fecha_fabricacion": "2023-12-02"
    }
},
{
    "model": "AlphaAutos.coche",
    "pk": 15,
    "fields": {
        "marca": 8,
        "concesionario": 6,
        "modelo": "Unión",
        "precio": "46469.86",
        "transmision": "AT",
        "fecha_fabricacion": "2024-05-10"
    }
},
{
    "model": "AlphaAutos.cliente",
    "pk": 1,
    "fields": {
        "nombre": "Line drive heavy administration ball. Against condition new. Scene control truth design score.",
        "email": "gibbsjoanna@example.net",
        "telefono": "Candidate rather.",
        "fecha_registro": "2025-10-08T18:15:32.820"
    }
},
{
    "model": "AlphaAutos.cliente",
    "pk": 2,
    "fields": {
        "nombre": "Than future discussion hair final.",
        "email": "ahanson@example.org",
        "telefono": "Executive brother.",
        "fecha_registro": "2025-10-08T18:15:32.820"
    }
},
{
    "model": "AlphaAutos.cliente",
    "pk": 3,
    "fields": {
        "nombre": "Beat never sell rise business head generation. Model walk wear under traditional many force.",
        "email": "hullnicole@example.com",
        "telefono": "Protect doctor.",
        "fecha_registro": "2025-10-08T18:15:32.820"
    }
},
{
    "model": "AlphaAutos.cliente",
    "pk": 4,
    "fields": {
        "nombre": "Foreign save growth goal. Speech free a walk authority everything rather. Leg value question more.",
        "email": "gperez@example.com",
        "telefono": "Far condition.",
        "fecha_registro": "2025-10-08T18:15:32.820"
    }
},
{
    "model": "AlphaAutos.cliente",
    "pk": 5,
    "fields": {
        "nombre": "World word form condition current by bag. Successful than maintain pay. Seek say over college.",
        "email": "awu@example.net",
        "telefono": "Read Congress.",
        "fecha_registro": "2025-10-08T18:15:32.820"
    }
},
{
    "model": "AlphaAutos.cliente",
    "pk": 6,
    "fields": {
        "nombre": "José Luis Ferrer-Calatayud",
        "email": "ana-sofiaaragon@example.net",
        "telefono": "+34 981924801",
        "fecha_registro": "2025-10-08T20:45:18.167"
    }
},
{
    "model": "AlphaAutos.cliente",
    "pk": 7,
    "fields": {
        "nombre": "Jordán Osuna Godoy",
        "email": "lfigueras@example.org",
        "telefono": "+34 919 00 02 88",
        "fecha_registro": "2025-10-08T20:45:18.170"
    }
},
{
    "model": "AlphaAutos.cliente",
    "pk": 8,
    "fields": {
        "nombre": "Febe Amador Barceló",
        "email": "josefina64@example.net",
        "telefono": "+34 823297969",
        "fecha_registro": "2025-10-08T20:45:18.173"
    }
},
{
    "model": "AlphaAutos.cliente",
    "pk": 9,
    "fields": {
        "nombre": "José María Barceló Hernández",
        "email": "esmeralda51@example.org",
        "telefono": "+34943 277 989",
        "fecha_registro": "2025-10-08T20:45:18.176"
    }
},
{
    "model": "AlphaAutos.cliente",
    "pk": 10,
    "fields": {
        "nombre": "Felicidad Roman Castro",
        "email": "noaseco@example.net",
        "telefono": "+34 833 861 410",
        "fecha_registro": "2025-10-08T20:45:18.181"
    }
},
{
    "model": "AlphaAutos.cliente",
    "pk": 11,
    "fields": {
        "nombre": "Saturnina Villa Adán",
        "email": "murmaxi@example.net",
        "telefono": "+34 600935979",
        "fecha_registro": "2025-10-08T20:45:18.183"
    }
},
{
    "model": "AlphaAutos.cliente",
    "pk": 12,
    "fields": {
        "nombre": "Ruperto Rosa Guzmán",
        "email": "zamoranoangeles@example.org",
        "telefono": "+34 729 44 99 31",
        "fecha_registro": "2025-10-08T20:45:18.186"
    }
},
{
    "model": "AlphaAutos.cliente",
    "pk": 13,
    "fields": {
        "nombre": "Mercedes Folch Pacheco",
        "email": "guiomar08@example.com",
        "telefono": "+34 876319703",
        "fecha_registro": "2025-10-08T20:45:18.189"
    }
},
{
    "model": "AlphaAutos.cliente",
    "pk": 14,
    "fields": {
        "nombre": "Ana Alcalá Bru",
        "email": "asunciontorrecilla@example.net",
        "telefono": "+34 730 54 13 61",
        "fecha_registro": "2025-10-08T20:45:18.193"
    }
},
{
    "model": "AlphaAutos.cliente",
    "pk": 15,
    "fields": {
        "nombre": "Pascuala Redondo Pavón",
        "email": "alegrepascual@example.net",
        "telefono": "+34851 68 29 20",
        "fecha_registro": "2025-10-08T20:45:18.196"
    }
},
{
    "model": "AlphaAutos.datos_cliente",
    "pk": 1,
    "fields": {
        "cliente": 3,
        "direccion": "Central write media station single. Understand order compare drug space.\nDespite shoulder remain. Off exactly behind. I statement computer interest sell.",
        "dni": "Few local.",
        "puntos_fidelidad": 0.9842274076024741
    }
},
{
    "model": "AlphaAutos.datos_cliente",
    "pk": 2,
    "fields": {
        "cliente": 1,
        "direccion": "Past send know seat. By without himself charge cup must. Left nation agency decision.",
        "dni": "Event when by.",
        "puntos_fidelidad": 0.7854437954301934
    }
},
{
    "model": "AlphaAutos.datos_cliente",
    "pk": 3,
    "fields": {
        "cliente": 5,
        "direccion": "Service early can help little finish wind. Success father good carry skin return near learn.\nImage director alone. Sometimes down magazine eye respond draw item.",
        "dni": "Method eight.",
        "puntos_fidelidad": 0.36003124368858586
    }
},
{
    "model": "AlphaAutos.datos_cliente",
    "pk": 4,
    "fields": {
        "cliente": 2,
        "direccion": "Their such time idea represent art money. Wall such reveal leader. Manager blue your station half.",
        "dni": "Agency crime.",
        "puntos_fidelidad": 0.5994362960394748
    }
},
{
    "model": "AlphaAutos.datos_cliente",
    "pk": 5,
    "fields": {
        "cliente": 4,
        "direccion": "Difference same model time week. Whether surface agency woman community parent kid. Service memory night let will change.\nStatement staff best throughout half. Although race be.",
        "dni": "Town next.",
        "puntos_fidelidad": 0.6802418996528881
    }
},
{
    "model": "AlphaAutos.datos_cliente",
    "pk": 6,
    "fields": {
        "cliente": 6,
        "direccion": "Glorieta Lupe Lucas 74\nBadajoz, 17663",
        "dni": "14096331A",
        "puntos_fidelidad": 2.0170664812234396
    }
},
{
    "model": "AlphaAutos.datos_cliente",
    "pk": 7,
    "fields": {
        "cliente": 7,
        "direccion": "Ronda Narcisa Cadenas 2\nTeruel, 41019",
        "dni": "68971959A",
        "puntos_fidelidad": 0.9823897719645314
    }
},
{
    "model": "AlphaAutos.datos_cliente",
    "pk": 8,
    "fields": {
        "cliente": 8,
        "direccion": "Pasaje León Codina 19\nZaragoza, 11205",
        "dni": "36184648A",
        "puntos_fidelidad": 93.74638755803572
    }
},
{
    "model": "AlphaAutos.datos_cliente",
    "pk": 9,
    "fields": {
        "cliente": 9,
        "direccion": "Cañada Marcia Velasco 88 Apt. 78 \nSanta Cruz de Tenerife, 31531",
        "dni": "75580998A",
        "puntos_fidelidad": 15.49981280283913
    }
},
{
    "model": "AlphaAutos.datos_cliente",
    "pk": 10,
    "fields": {
        "cliente": 10,
        "direccion": "Camino de Segismundo Granados 13 Apt. 22 \nSevilla, 42713",
        "dni": "95723221A",
        "puntos_fidelidad": 32.825169540049174
    }
},
{
    "model": "AlphaAutos.datos_cliente",
    "pk": 11,
    "fields": {
        "cliente": 11,
        "direccion": "Cañada de Rodrigo Noriega 10\nPontevedra, 03781",
        "dni": "29702043A",
        "puntos_fidelidad": 81.48391112588115
    }
},
{
    "model": "AlphaAutos.datos_cliente",
    "pk": 12,
    "fields": {
        "cliente": 12,
        "direccion": "Vial de Cristian Abella 7\nSoria, 32924",
        "dni": "12390037A",
        "puntos_fidelidad": 21.189836697097075
    }
},
{
    "model": "AlphaAutos.datos_cliente",
    "pk": 13,
    "fields": {
        "cliente": 13,
        "direccion": "Rambla de Mariano Cervera 6\nJaén, 51511",
        "dni": "69051141A",
        "puntos_fidelidad": 39.31342697071434
    }
},
{
    "model": "AlphaAutos.datos_cliente",
    "pk": 14,
    "fields": {
        "cliente": 14,
        "direccion": "Calle Jafet Verdú 31 Piso 0 \nSegovia, 48196",
        "dni": "21631602A",
        "puntos_fidelidad": 77.57126046795304
    }
},
{
    "model": "AlphaAutos.datos_cliente",
    "pk": 15,
    "fields": {
        "cliente": 15,
        "direccion": "Paseo Eligia Roselló 21\nSevilla, 05406",
        "dni": "32237857A",
        "puntos_fidelidad": 22.317165046917253
    }
},
{
    "model": "AlphaAutos.venta",
    "pk": 1,
    "fields": {
        "cliente": 2,
        "coche": 4,
        "fecha_venta": "2025-10-08",
        "precio_final": "0.88",
        "metodo_pago": "During to mean training."
    }
},
{
    "model": "AlphaAutos.venta",
    "pk": 2,
    "fields": {
        "cliente": 4,
        "coche": 5,
        "fecha_venta": "2025-10-08",
        "precio_final": "0.37",
        "metodo_pago": "If card here city outside."
    }
},
{
    "model": "AlphaAutos.venta",
    "pk": 3,
    "fields": {
        "cliente": 1,
        "coche": 3,
        "fecha_venta": "2025-10-08",
        "precio_final": "0.80",
        "metodo_pago": "Most fill imagine which."
    }
},
{
    "model": "AlphaAutos.venta",
    "pk": 4,
    "fields": {
        "cliente": 5,
        "coche": 2,
        "fecha_venta": "2025-10-08",
        "precio_final": "0.68",
        "metodo_pago": "Deep health system career serve history."
    }
},
{
    "model": "AlphaAutos.venta",
    "pk": 5,
    "fields": {
        "cliente": 4,
        "coche": 2,
        "fecha_venta": "2025-10-08",
        "precio_final": "0.75",
        "metodo_pago": "Provide past wait beautiful husband project."
    }
},
{
    "model": "AlphaAutos.venta",
    "pk": 6,
    "fields": {
        "cliente": 10,
        "coche": 13,
        "fecha_venta": "2025-07-27",
        "precio_final": "17211.26",
        "metodo_pago": "Financiación"
    }
},
{
    "model": "AlphaAutos.venta",
    "pk": 7,
    "fields": {
        "cliente": 7,
        "coche": 8,
        "fecha_venta": "2025-07-16",
        "precio_final": "45312.84",
        "metodo_pago": "Financiación"
    }
},
{
    "model": "AlphaAutos.venta",
    "pk": 8,
    "fields": {
        "cliente": 14,
        "coche": 6,
        "fecha_venta": "2024-09-28",
        "precio_final": "28822.01",
        "metodo_pago": "Transferencia"
    }
},
{
    "model": "AlphaAutos.venta",
    "pk": 9,
    "fields": {
        "cliente": 7,
        "coche": 15,
        "fecha_venta": "2024-01-09",
        "precio_final": "46903.64",
        "metodo_pago": "Financiación"
    }
},
{
    "model": "AlphaAutos.venta",
    "pk": 10,
    "fields": {
        "cliente": 13,
        "coche": 11,
        "fecha_venta": "2025-04-07",
        "precio_final": "19704.46",
        "metodo_pago": "Efectivo"
    }
},
{
    "model": "AlphaAutos.venta",
    "pk": 11,
    "fields": {
        "cliente": 14,
        "coche": 13,
        "fecha_venta": "2024-02-05",
        "precio_final": "48786.87",
        "metodo_pago": "Financiación"
    }
},
{
    "model": "AlphaAutos.venta",
    "pk": 12,
    "fields": {
        "cliente": 12,
        "coche": 7,
        "fecha_venta": "2025-02-26",
        "precio_final": "15303.98",
        "metodo_pago": "Efectivo"
    }
},
{
    "model": "AlphaAutos.venta",
    "pk": 13,
    "fields": {
        "cliente": 7,
        "coche": 8,
        "fecha_venta": "2024-01-24",
        "precio_final": "20534.82",
        "metodo_pago": "Efectivo"
    }
},
{
    "model": "AlphaAutos.venta",
    "pk": 14,
    "fields": {
        "cliente": 11,
        "coche": 7,
        "fecha_venta": "2024-01-21",
        "precio_final": "15904.61",
        "metodo_pago": "Transferencia"
    }
},
{
    "model": "AlphaAutos.venta",
    "pk": 15,
    "fields": {
        "cliente": 8,
        "coche": 14,
        "fecha_venta": "2025-08-08",
        "precio_final": "21836.96",
        "metodo_pago": "Transferencia"
    }
},
{
    "model": "AlphaAutos.seguro",
    "pk": 1,
    "fields": {
        "coche": 1,
        "tipo_seguro": "Office accept Mrs it lawyer kind number nearly.",
        "precio_mensual": "0.97",
        "duracion": -8243
    }
},
{
    "model": "AlphaAutos.seguro",
    "pk": 2,
    "fields": {
        "coche": 5,
        "tipo_seguro": "From too now door.",
        "precio_mensual": "0.37",
        "duracion": -31019
    }
},
{
    "model": "AlphaAutos.seguro",
    "pk": 3,
    "fields": {
        "coche": 4,
        "tipo_seguro": "East affect as return she their.",
        "precio_mensual": "0.73",
        "duracion": -25148
    }
},
{
    "model": "AlphaAutos.seguro",
    "pk": 4,
    "fields": {
        "coche": 2,
        "tipo_seguro": "Position people because sure.",
        "precio_mensual": "0.75",
        "duracion": 6694
    }
},
{
    "model": "AlphaAutos.seguro",
    "pk": 5,
    "fields": {
        "coche": 3,
        "tipo_seguro": "Quickly size region mention. Your huge although.",
        "precio_mensual": "0.71",
        "duracion": 13148
    }
},
{
    "model": "AlphaAutos.seguro",
    "pk": 6,
    "fields": {
        "coche": 6,
        "tipo_seguro": "Básico",
        "precio_mensual": "144.90",
        "duracion": 12
    }
},
{
    "model": "AlphaAutos.seguro",
    "pk": 7,
    "fields": {
        "coche": 7,
        "tipo_seguro": "Completo",
        "precio_mensual": "95.84",
        "duracion": 35
    }
},
{
    "model": "AlphaAutos.seguro",
    "pk": 8,
    "fields": {
        "coche": 8,
        "tipo_seguro": "Básico",
        "precio_mensual": "82.78",
        "duracion": 27
    }
},
{
    "model": "AlphaAutos.seguro",
    "pk": 9,
    "fields": {
        "coche": 9,
        "tipo_seguro": "Premium",
        "precio_mensual": "113.59",
        "duracion": 33
    }
},
{
    "model": "AlphaAutos.seguro",
    "pk": 10,
    "fields": {
        "coche": 10,
        "tipo_seguro": "Básico",
        "precio_mensual": "84.18",
        "duracion": 21
    }
},
{
    "model": "AlphaAutos.seguro",
    "pk": 11,
    "fields": {
        "coche": 11,
        "tipo_seguro": "Premium",
        "precio_mensual": "185.37",
        "duracion": 16
    }
},
{
    "model": "AlphaAutos.seguro",
    "pk": 12,
    "fields": {
        "coche": 12,
        "tipo_seguro": "Completo",
        "precio_mensual": "111.71",
        "duracion": 35
    }
},
{
    "model": "AlphaAutos.seguro",
    "pk": 13,
    "fields": {
        "coche": 13,
        "tipo_seguro": "Básico",
        "precio_mensual": "73.49",
        "duracion": 23
    }
},
{
    "model": "AlphaAutos.seguro",
    "pk": 14,
    "fields": {
        "coche": 14,
        "tipo_seguro": "Premium",
        "precio_mensual": "186.54",
        "duracion": 18
    }
},
{
    "model": "AlphaAutos.seguro",
    "pk": 15,
    "fields": {
        "coche": 15,
        "tipo_seguro": "Básico",
        "precio_mensual": "152.44",
        "duracion": 23
    }
},
{
    "model": "AlphaAutos.aseguradora",
    "pk": 1,
    "fields": {
        "nombre": "Ok final view perform five.\nCollege popular place ok must because.",
        "pais": "Stop similar rule allow.",
        "telefono": "Seat difference.",
        "web": "https://gonzalez-steele.com/explore/tag/bloglogin.html",
        "seguros": [
            1
        ]
    }
},
{
    "model": "AlphaAutos.aseguradora",
    "pk": 2,
    "fields": {
        "nombre": "Good its name store Mrs recent. Ability themselves conference of trip. Plant walk foreign end.",
        "pais": "Movie control view. Avoid girl most.",
        "telefono": "Military.",
        "web": "http://campbell-trujillo.net/main/explore/searchfaq.asp",
        "seguros": [
            4
        ]
    }
},
{
    "model": "AlphaAutos.aseguradora",
    "pk": 3,
    "fields": {
        "nombre": "Consumer hundred happy authority cell purpose. Which certain continue technology director any.",
        "pais": "Act ten party this discussion size system than.",
        "telefono": "Last war provide.",
        "web": "https://www.sutton-villanueva.com/search/blog/mainregister.php",
        "seguros": [
            5
        ]
    }
},
{
    "model": "AlphaAutos.aseguradora",
    "pk": 4,
    "fields": {
        "nombre": "With I forward there final goal carry nor. Should get church year assume high husband.",
        "pais": "Its structure many investment that seven others.",
        "telefono": "Letter every theory.",
        "web": "http://www.cox.com/explore/main/tagsmain.htm",
        "seguros": [
            1
        ]
    }
},
{
    "model": "AlphaAutos.aseguradora",
    "pk": 5,
    "fields": {
        "nombre": "Himself seat moment imagine deal. Strong think wait attention sense woman off former.",
        "pais": "By agree human toward future science near.",
        "telefono": "Wrong truth might.",
        "web": "http://herrera-lindsey.org/search/tagindex.jsp",
        "seguros": [
            2
        ]
    }
},
{
    "model": "AlphaAutos.aseguradora",
    "pk": 6,
    "fields": {
        "nombre": "Benavent y asociados S.Coop.",
        "pais": "República Centroafricana",
        "telefono": "+34 871 25 30 96",
        "web": "http://manufacturas.com/",
        "seguros": [
            10
        ]
    }
},
{
    "model": "AlphaAutos.aseguradora",
    "pk": 7,
    "fields": {
        "nombre": "Talleres Camacho & Asociados S.A.U",
        "pais": "República Unida de Tanzanía",
        "telefono": "+34922 56 66 73",
        "web": "https://transportes.org/",
        "seguros": [
            11
        ]
    }
},
{
    "model": "AlphaAutos.aseguradora",
    "pk": 8,
    "fields": {
        "nombre": "Farmaceútica OBBC S.A.",
        "pais": "Azerbaiyán",
        "telefono": "+34945 498 857",
        "web": "http://restauracion.net/",
        "seguros": [
            15
        ]
    }
},
{
    "model": "AlphaAutos.aseguradora",
    "pk": 9,
    "fields": {
        "nombre": "Logística Villa y asociados S.C.P",
        "pais": "República Árabe Siria",
        "telefono": "+34 723 043 053",
        "web": "https://www.egea.es/",
        "seguros": [
            9
        ]
    }
},
{
    "model": "AlphaAutos.aseguradora",
    "pk": 10,
    "fields": {
        "nombre": "Farmaceútica del Norte S.L.L.",
        "pais": "Montenegro",
        "telefono": "+34 713 89 96 97",
        "web": "https://www.fabiola.net/",
        "seguros": [
            14
        ]
    }
},
{
    "model": "AlphaAutos.aseguradora",
    "pk": 11,
    "fields": {
        "nombre": "Banca Privada OO S.Com.",
        "pais": "Honduras",
        "telefono": "+34803 706 039",
        "web": "http://diez.net/",
        "seguros": []
    }
},
{
    "model": "AlphaAutos.aseguradora",
    "pk": 12,
    "fields": {
        "nombre": "Camilo Cortés Rodríguez S.Coop.",
        "pais": "Georgia",
        "telefono": "+34800148887",
        "web": "https://www.gomez.org/",
        "seguros": [
            13
        ]
    }
},
{
    "model": "AlphaAutos.aseguradora",
    "pk": 13,
    "fields": {
        "nombre": "Hnos Sales S.L.L.",
        "pais": "India",
        "telefono": "+34 922 76 03 15",
        "web": "http://www.banco.es/",
        "seguros": [
            6
        ]
    }
},
{
    "model": "AlphaAutos.aseguradora",
    "pk": 14,
    "fields": {
        "nombre": "Comercial Diéguez & Asociados S.L.L.",
        "pais": "Qatar",
        "telefono": "+34938 039 679",
        "web": "https://www.promociones.com/",
        "seguros": [
            7,
            12
        ]
    }
},
{
    "model": "AlphaAutos.aseguradora",
    "pk": 15,
    "fields": {
        "nombre": "Industrias TJK S.A.T.",
        "pais": "Francia",
        "telefono": "+34 857527176",
        "web": "http://www.banca.es/",
        "seguros": [
            8
        ]
    }
},
{
    "model": "AlphaAutos.mantenimiento",
    "pk": 1,
    "fields": {
        "fecha_revision": "1972-01-07",
        "kilometros": -16821,
        "comentarios": "Receive main religious interview house real. Sing turn against truth report effect nearly hold. Never safe culture world pick.\nSell dream tend power forward throughout entire.",
        "coste": "0.45",
        "coches": [
            1,
            2
        ]
    }
},
{
    "model": "AlphaAutos.mantenimiento",
    "pk": 2,
    "fields": {
        "fecha_revision": "1971-07-11",
        "kilometros": 24557,
        "comentarios": "Heavy practice yeah together chair act. Doctor throw ready peace month skin.\nWord easy line effort need live. Word capital determine glass. Establish until way national.",
        "coste": "0.02",
        "coches": [
            3
        ]
    }
},
{
    "model": "AlphaAutos.mantenimiento",
    "pk": 3,
    "fields": {
        "fecha_revision": "2004-10-21",
        "kilometros": -16518,
        "comentarios": "Partner drop worry keep. Ago pick green soldier. Try administration Congress exactly computer.",
        "coste": "0.90",
        "coches": [
            3
        ]
    }
},
{
    "model": "AlphaAutos.mantenimiento",
    "pk": 4,
    "fields": {
        "fecha_revision": "2000-03-27",
        "kilometros": -16786,
        "comentarios": "Attention law wind consider technology understand matter. His size feel product mind audience approach. Democratic possible recent else. Box new develop term as activity run.",
        "coste": "0.54",
        "coches": [
            4
        ]
    }
},
{
    "model": "AlphaAutos.mantenimiento",
    "pk": 5,
    "fields": {
        "fecha_revision": "1973-02-14",
        "kilometros": -6341,
        "comentarios": "When that hour goal. Tough who sea sister check choice another.\nRange seem moment now. Why special mention person easy change stop. Hand beyond before know writer industry plant.",
        "coste": "0.74",
        "coches": [
            4
        ]
    }
},
{
    "model": "AlphaAutos.mantenimiento",
    "pk": 6,
    "fields": {
        "fecha_revision": "2024-09-14",
        "kilometros": 59471,
        "comentarios": "Comercio seguir sangre hablar embargo asunto pues.",
        "coste": "118.92",
        "coches": [
            15
        ]
    }
},
{
    "model": "AlphaAutos.mantenimiento",
    "pk": 7,
    "fields": {
        "fecha_revision": "2025-07-19",
        "kilometros": 84078,
        "comentarios": "Mediante decía que desarrollo peor.",
        "coste": "609.97",
        "coches": [
            14
        ]
    }
},
{
    "model": "AlphaAutos.mantenimiento",
    "pk": 8,
    "fields": {
        "fecha_revision": "2024-05-27",
        "kilometros": 94764,
        "comentarios": "Cantidad llega importante generales nueva claro.",
        "coste": "787.13",
        "coches": [
            10
        ]
    }
},
{
    "model": "AlphaAutos.mantenimiento",
    "pk": 9,
    "fields": {
        "fecha_revision": "2024-04-19",
        "kilometros": 84970,
        "comentarios": "Barcelona europea su tanto.",
        "coste": "398.10",
        "coches": [
            10
        ]
    }
},
{
    "model": "AlphaAutos.mantenimiento",
    "pk": 10,
    "fields": {
        "fecha_revision": "2025-07-16",
        "kilometros": 89452,
        "comentarios": "República real mundial necesario.",
        "coste": "839.03",
        "coches": [
            11
        ]
    }
},
{
    "model": "AlphaAutos.mantenimiento",
    "pk": 11,
    "fields": {
        "fecha_revision": "2025-09-21",
        "kilometros": 34254,
        "comentarios": "Sería dentro presente medio punto fuera tiempos.",
        "coste": "559.14",
        "coches": [
            13
        ]
    }
},
{
    "model": "AlphaAutos.mantenimiento",
    "pk": 12,
    "fields": {
        "fecha_revision": "2025-08-31",
        "kilometros": 114339,
        "comentarios": "El prueba semanas.",
        "coste": "376.31",
        "coches": [
            9
        ]
    }
},
{
    "model": "AlphaAutos.mantenimiento",
    "pk": 13,
    "fields": {
        "fecha_revision": "2024-09-04",
        "kilometros": 65495,
        "comentarios": "Espera organización quién director varias modo atrás.",
        "coste": "260.89",
        "coches": [
            7
        ]
    }
},
{
    "model": "AlphaAutos.mantenimiento",
    "pk": 14,
    "fields": {
        "fecha_revision": "2025-09-03",
        "kilometros": 112646,
        "comentarios": "Poder fuentes dan espanioles estar.",
        "coste": "876.18",
        "coches": [
            10
        ]
    }
},
{
    "model": "AlphaAutos.mantenimiento",
    "pk": 15,
    "fields": {
        "fecha_revision": "2024-04-11",
        "kilometros": 87327,
        "comentarios": "Fácil contra popular siquiera hacen así unos.",
        "coste": "987.78",
        "coches": [
            14
        ]
    }
}
]
