[
{
    "model": "auth.group",
    "pk": 1,
    "fields": {
        "name": "Gerentes",
        "permissions": [
            53,
            54,
            55,
            56,
            22,
            23,
            24,
            33,
            34,
            35,
            36,
            74,
            75,
            76,
            25,
            26,
            27,
            28,
            41,
            42,
            43,
            44,
            29,
            30,
            31,
            32,
            61,
            62,
            63,
            64
        ]
    }
},
{
    "model": "auth.group",
    "pk": 3,
    "fields": {
        "name": "Compradores",
        "permissions": [
            56,
            36,
            28,
            32,
            61,
            63,
            64
        ]
    }
},
{
    "model": "auth.permission",
    "pk": 1,
    "fields": {
        "name": "Can add log entry",
        "content_type": 1,
        "codename": "add_logentry"
    }
},
{
    "model": "auth.permission",
    "pk": 2,
    "fields": {
        "name": "Can change log entry",
        "content_type": 1,
        "codename": "change_logentry"
    }
},
{
    "model": "auth.permission",
    "pk": 3,
    "fields": {
        "name": "Can delete log entry",
        "content_type": 1,
        "codename": "delete_logentry"
    }
},
{
    "model": "auth.permission",
    "pk": 4,
    "fields": {
        "name": "Can view log entry",
        "content_type": 1,
        "codename": "view_logentry"
    }
},
{
    "model": "auth.permission",
    "pk": 5,
    "fields": {
        "name": "Can add permission",
        "content_type": 2,
        "codename": "add_permission"
    }
},
{
    "model": "auth.permission",
    "pk": 6,
    "fields": {
        "name": "Can change permission",
        "content_type": 2,
        "codename": "change_permission"
    }
},
{
    "model": "auth.permission",
    "pk": 7,
    "fields": {
        "name": "Can delete permission",
        "content_type": 2,
        "codename": "delete_permission"
    }
},
{
    "model": "auth.permission",
    "pk": 8,
    "fields": {
        "name": "Can view permission",
        "content_type": 2,
        "codename": "view_permission"
    }
},
{
    "model": "auth.permission",
    "pk": 9,
    "fields": {
        "name": "Can add group",
        "content_type": 3,
        "codename": "add_group"
    }
},
{
    "model": "auth.permission",
    "pk": 10,
    "fields": {
        "name": "Can change group",
        "content_type": 3,
        "codename": "change_group"
    }
},
{
    "model": "auth.permission",
    "pk": 11,
    "fields": {
        "name": "Can delete group",
        "content_type": 3,
        "codename": "delete_group"
    }
},
{
    "model": "auth.permission",
    "pk": 12,
    "fields": {
        "name": "Can view group",
        "content_type": 3,
        "codename": "view_group"
    }
},
{
    "model": "auth.permission",
    "pk": 13,
    "fields": {
        "name": "Can add content type",
        "content_type": 4,
        "codename": "add_contenttype"
    }
},
{
    "model": "auth.permission",
    "pk": 14,
    "fields": {
        "name": "Can change content type",
        "content_type": 4,
        "codename": "change_contenttype"
    }
},
{
    "model": "auth.permission",
    "pk": 15,
    "fields": {
        "name": "Can delete content type",
        "content_type": 4,
        "codename": "delete_contenttype"
    }
},
{
    "model": "auth.permission",
    "pk": 16,
    "fields": {
        "name": "Can view content type",
        "content_type": 4,
        "codename": "view_contenttype"
    }
},
{
    "model": "auth.permission",
    "pk": 17,
    "fields": {
        "name": "Can add session",
        "content_type": 5,
        "codename": "add_session"
    }
},
{
    "model": "auth.permission",
    "pk": 18,
    "fields": {
        "name": "Can change session",
        "content_type": 5,
        "codename": "change_session"
    }
},
{
    "model": "auth.permission",
    "pk": 19,
    "fields": {
        "name": "Can delete session",
        "content_type": 5,
        "codename": "delete_session"
    }
},
{
    "model": "auth.permission",
    "pk": 20,
    "fields": {
        "name": "Can view session",
        "content_type": 5,
        "codename": "view_session"
    }
},
{
    "model": "auth.permission",
    "pk": 21,
    "fields": {
        "name": "Can add cliente",
        "content_type": 6,
        "codename": "add_cliente"
    }
},
{
    "model": "auth.permission",
    "pk": 22,
    "fields": {
        "name": "Can change cliente",
        "content_type": 6,
        "codename": "change_cliente"
    }
},
{
    "model": "auth.permission",
    "pk": 23,
    "fields": {
        "name": "Can delete cliente",
        "content_type": 6,
        "codename": "delete_cliente"
    }
},
{
    "model": "auth.permission",
    "pk": 24,
    "fields": {
        "name": "Can view cliente",
        "content_type": 6,
        "codename": "view_cliente"
    }
},
{
    "model": "auth.permission",
    "pk": 25,
    "fields": {
        "name": "Can add concesionario",
        "content_type": 7,
        "codename": "add_concesionario"
    }
},
{
    "model": "auth.permission",
    "pk": 26,
    "fields": {
        "name": "Can change concesionario",
        "content_type": 7,
        "codename": "change_concesionario"
    }
},
{
    "model": "auth.permission",
    "pk": 27,
    "fields": {
        "name": "Can delete concesionario",
        "content_type": 7,
        "codename": "delete_concesionario"
    }
},
{
    "model": "auth.permission",
    "pk": 28,
    "fields": {
        "name": "Can view concesionario",
        "content_type": 7,
        "codename": "view_concesionario"
    }
},
{
    "model": "auth.permission",
    "pk": 29,
    "fields": {
        "name": "Can add marca",
        "content_type": 8,
        "codename": "add_marca"
    }
},
{
    "model": "auth.permission",
    "pk": 30,
    "fields": {
        "name": "Can change marca",
        "content_type": 8,
        "codename": "change_marca"
    }
},
{
    "model": "auth.permission",
    "pk": 31,
    "fields": {
        "name": "Can delete marca",
        "content_type": 8,
        "codename": "delete_marca"
    }
},
{
    "model": "auth.permission",
    "pk": 32,
    "fields": {
        "name": "Can view marca",
        "content_type": 8,
        "codename": "view_marca"
    }
},
{
    "model": "auth.permission",
    "pk": 33,
    "fields": {
        "name": "Can add coche",
        "content_type": 9,
        "codename": "add_coche"
    }
},
{
    "model": "auth.permission",
    "pk": 34,
    "fields": {
        "name": "Can change coche",
        "content_type": 9,
        "codename": "change_coche"
    }
},
{
    "model": "auth.permission",
    "pk": 35,
    "fields": {
        "name": "Can delete coche",
        "content_type": 9,
        "codename": "delete_coche"
    }
},
{
    "model": "auth.permission",
    "pk": 36,
    "fields": {
        "name": "Can view coche",
        "content_type": 9,
        "codename": "view_coche"
    }
},
{
    "model": "auth.permission",
    "pk": 37,
    "fields": {
        "name": "Can add datos_ cliente",
        "content_type": 10,
        "codename": "add_datos_cliente"
    }
},
{
    "model": "auth.permission",
    "pk": 38,
    "fields": {
        "name": "Can change datos_ cliente",
        "content_type": 10,
        "codename": "change_datos_cliente"
    }
},
{
    "model": "auth.permission",
    "pk": 39,
    "fields": {
        "name": "Can delete datos_ cliente",
        "content_type": 10,
        "codename": "delete_datos_cliente"
    }
},
{
    "model": "auth.permission",
    "pk": 40,
    "fields": {
        "name": "Can view datos_ cliente",
        "content_type": 10,
        "codename": "view_datos_cliente"
    }
},
{
    "model": "auth.permission",
    "pk": 41,
    "fields": {
        "name": "Can add empleado",
        "content_type": 11,
        "codename": "add_empleado"
    }
},
{
    "model": "auth.permission",
    "pk": 42,
    "fields": {
        "name": "Can change empleado",
        "content_type": 11,
        "codename": "change_empleado"
    }
},
{
    "model": "auth.permission",
    "pk": 43,
    "fields": {
        "name": "Can delete empleado",
        "content_type": 11,
        "codename": "delete_empleado"
    }
},
{
    "model": "auth.permission",
    "pk": 44,
    "fields": {
        "name": "Can view empleado",
        "content_type": 11,
        "codename": "view_empleado"
    }
},
{
    "model": "auth.permission",
    "pk": 45,
    "fields": {
        "name": "Can add mantenimiento",
        "content_type": 12,
        "codename": "add_mantenimiento"
    }
},
{
    "model": "auth.permission",
    "pk": 46,
    "fields": {
        "name": "Can change mantenimiento",
        "content_type": 12,
        "codename": "change_mantenimiento"
    }
},
{
    "model": "auth.permission",
    "pk": 47,
    "fields": {
        "name": "Can delete mantenimiento",
        "content_type": 12,
        "codename": "delete_mantenimiento"
    }
},
{
    "model": "auth.permission",
    "pk": 48,
    "fields": {
        "name": "Can view mantenimiento",
        "content_type": 12,
        "codename": "view_mantenimiento"
    }
},
{
    "model": "auth.permission",
    "pk": 49,
    "fields": {
        "name": "Can add seguro",
        "content_type": 13,
        "codename": "add_seguro"
    }
},
{
    "model": "auth.permission",
    "pk": 50,
    "fields": {
        "name": "Can change seguro",
        "content_type": 13,
        "codename": "change_seguro"
    }
},
{
    "model": "auth.permission",
    "pk": 51,
    "fields": {
        "name": "Can delete seguro",
        "content_type": 13,
        "codename": "delete_seguro"
    }
},
{
    "model": "auth.permission",
    "pk": 52,
    "fields": {
        "name": "Can view seguro",
        "content_type": 13,
        "codename": "view_seguro"
    }
},
{
    "model": "auth.permission",
    "pk": 53,
    "fields": {
        "name": "Can add aseguradora",
        "content_type": 14,
        "codename": "add_aseguradora"
    }
},
{
    "model": "auth.permission",
    "pk": 54,
    "fields": {
        "name": "Can change aseguradora",
        "content_type": 14,
        "codename": "change_aseguradora"
    }
},
{
    "model": "auth.permission",
    "pk": 55,
    "fields": {
        "name": "Can delete aseguradora",
        "content_type": 14,
        "codename": "delete_aseguradora"
    }
},
{
    "model": "auth.permission",
    "pk": 56,
    "fields": {
        "name": "Can view aseguradora",
        "content_type": 14,
        "codename": "view_aseguradora"
    }
},
{
    "model": "auth.permission",
    "pk": 57,
    "fields": {
        "name": "Can add usuario_ empleado",
        "content_type": 15,
        "codename": "add_usuario_empleado"
    }
},
{
    "model": "auth.permission",
    "pk": 58,
    "fields": {
        "name": "Can change usuario_ empleado",
        "content_type": 15,
        "codename": "change_usuario_empleado"
    }
},
{
    "model": "auth.permission",
    "pk": 59,
    "fields": {
        "name": "Can delete usuario_ empleado",
        "content_type": 15,
        "codename": "delete_usuario_empleado"
    }
},
{
    "model": "auth.permission",
    "pk": 60,
    "fields": {
        "name": "Can view usuario_ empleado",
        "content_type": 15,
        "codename": "view_usuario_empleado"
    }
},
{
    "model": "auth.permission",
    "pk": 61,
    "fields": {
        "name": "Can add venta",
        "content_type": 16,
        "codename": "add_venta"
    }
},
{
    "model": "auth.permission",
    "pk": 62,
    "fields": {
        "name": "Can change venta",
        "content_type": 16,
        "codename": "change_venta"
    }
},
{
    "model": "auth.permission",
    "pk": 63,
    "fields": {
        "name": "Can delete venta",
        "content_type": 16,
        "codename": "delete_venta"
    }
},
{
    "model": "auth.permission",
    "pk": 64,
    "fields": {
        "name": "Can view venta",
        "content_type": 16,
        "codename": "view_venta"
    }
},
{
    "model": "auth.permission",
    "pk": 65,
    "fields": {
        "name": "Can add user",
        "content_type": 17,
        "codename": "add_usuario"
    }
},
{
    "model": "auth.permission",
    "pk": 66,
    "fields": {
        "name": "Can change user",
        "content_type": 17,
        "codename": "change_usuario"
    }
},
{
    "model": "auth.permission",
    "pk": 67,
    "fields": {
        "name": "Can delete user",
        "content_type": 17,
        "codename": "delete_usuario"
    }
},
{
    "model": "auth.permission",
    "pk": 68,
    "fields": {
        "name": "Can view user",
        "content_type": 17,
        "codename": "view_usuario"
    }
},
{
    "model": "auth.permission",
    "pk": 69,
    "fields": {
        "name": "Can add gerente",
        "content_type": 18,
        "codename": "add_gerente"
    }
},
{
    "model": "auth.permission",
    "pk": 70,
    "fields": {
        "name": "Can change gerente",
        "content_type": 18,
        "codename": "change_gerente"
    }
},
{
    "model": "auth.permission",
    "pk": 71,
    "fields": {
        "name": "Can delete gerente",
        "content_type": 18,
        "codename": "delete_gerente"
    }
},
{
    "model": "auth.permission",
    "pk": 72,
    "fields": {
        "name": "Can view gerente",
        "content_type": 18,
        "codename": "view_gerente"
    }
},
{
    "model": "auth.permission",
    "pk": 73,
    "fields": {
        "name": "Can add comprador",
        "content_type": 19,
        "codename": "add_comprador"
    }
},
{
    "model": "auth.permission",
    "pk": 74,
    "fields": {
        "name": "Can change comprador",
        "content_type": 19,
        "codename": "change_comprador"
    }
},
{
    "model": "auth.permission",
    "pk": 75,
    "fields": {
        "name": "Can delete comprador",
        "content_type": 19,
        "codename": "delete_comprador"
    }
},
{
    "model": "auth.permission",
    "pk": 76,
    "fields": {
        "name": "Can view comprador",
        "content_type": 19,
        "codename": "view_comprador"
    }
},
{
    "model": "contenttypes.contenttype",
    "pk": 1,
    "fields": {
        "app_label": "admin",
        "model": "logentry"
    }
},
{
    "model": "contenttypes.contenttype",
    "pk": 2,
    "fields": {
        "app_label": "auth",
        "model": "permission"
    }
},
{
    "model": "contenttypes.contenttype",
    "pk": 3,
    "fields": {
        "app_label": "auth",
        "model": "group"
    }
},
{
    "model": "contenttypes.contenttype",
    "pk": 4,
    "fields": {
        "app_label": "contenttypes",
        "model": "contenttype"
    }
},
{
    "model": "contenttypes.contenttype",
    "pk": 5,
    "fields": {
        "app_label": "sessions",
        "model": "session"
    }
},
{
    "model": "contenttypes.contenttype",
    "pk": 6,
    "fields": {
        "app_label": "AlphaAutos",
        "model": "cliente"
    }
},
{
    "model": "contenttypes.contenttype",
    "pk": 7,
    "fields": {
        "app_label": "AlphaAutos",
        "model": "concesionario"
    }
},
{
    "model": "contenttypes.contenttype",
    "pk": 8,
    "fields": {
        "app_label": "AlphaAutos",
        "model": "marca"
    }
},
{
    "model": "contenttypes.contenttype",
    "pk": 9,
    "fields": {
        "app_label": "AlphaAutos",
        "model": "coche"
    }
},
{
    "model": "contenttypes.contenttype",
    "pk": 10,
    "fields": {
        "app_label": "AlphaAutos",
        "model": "datos_cliente"
    }
},
{
    "model": "contenttypes.contenttype",
    "pk": 11,
    "fields": {
        "app_label": "AlphaAutos",
        "model": "empleado"
    }
},
{
    "model": "contenttypes.contenttype",
    "pk": 12,
    "fields": {
        "app_label": "AlphaAutos",
        "model": "mantenimiento"
    }
},
{
    "model": "contenttypes.contenttype",
    "pk": 13,
    "fields": {
        "app_label": "AlphaAutos",
        "model": "seguro"
    }
},
{
    "model": "contenttypes.contenttype",
    "pk": 14,
    "fields": {
        "app_label": "AlphaAutos",
        "model": "aseguradora"
    }
},
{
    "model": "contenttypes.contenttype",
    "pk": 15,
    "fields": {
        "app_label": "AlphaAutos",
        "model": "usuario_empleado"
    }
},
{
    "model": "contenttypes.contenttype",
    "pk": 16,
    "fields": {
        "app_label": "AlphaAutos",
        "model": "venta"
    }
},
{
    "model": "contenttypes.contenttype",
    "pk": 17,
    "fields": {
        "app_label": "AlphaAutos",
        "model": "usuario"
    }
},
{
    "model": "contenttypes.contenttype",
    "pk": 18,
    "fields": {
        "app_label": "AlphaAutos",
        "model": "gerente"
    }
},
{
    "model": "contenttypes.contenttype",
    "pk": 19,
    "fields": {
        "app_label": "AlphaAutos",
        "model": "comprador"
    }
},
{
    "model": "AlphaAutos.usuario",
    "pk": 1,
    "fields": {
        "password": "pbkdf2_sha256$870000$3GvuQRap7kkNagwfF50mua$isOmeJcKw4N8AFfcPYLkNxi6EVxHHZwTkPa7su+vx4U=",
        "last_login": "2025-12-07T20:38:56.715",
        "is_superuser": true,
        "username": "jmag",
        "first_name": "",
        "last_name": "",
        "email": "jmag@jmag.com",
        "is_staff": true,
        "is_active": true,
        "date_joined": "2025-12-03T21:16:30.047",
        "rol": 1,
        "groups": [],
        "user_permissions": []
    }
},
{
    "model": "AlphaAutos.usuario",
    "pk": 7,
    "fields": {
        "password": "pbkdf2_sha256$870000$EF3JbEpgUF8XCezZS0tbqn$gQsZm7EPGGrpNRsMy99zz1SgNdeWeTjjjQPBhQAyCB8=",
        "last_login": "2025-12-07T20:34:00.827",
        "is_superuser": false,
        "username": "josemi",
        "first_name": "",
        "last_name": "",
        "email": "josemi@josemi.com",
        "is_staff": false,
        "is_active": true,
        "date_joined": "2025-12-06T18:58:37.423",
        "rol": 2,
        "groups": [
            1
        ],
        "user_permissions": []
    }
},
{
    "model": "AlphaAutos.usuario",
    "pk": 8,
    "fields": {
        "password": "pbkdf2_sha256$870000$hSOnAUbkBoYpWZhTN5k8xQ$n17FgUzdehq85HnTHXJStgE1mqS1/nxhwN10i7BzXfc=",
        "last_login": "2025-12-07T20:20:45.373",
        "is_superuser": false,
        "username": "maria",
        "first_name": "",
        "last_name": "",
        "email": "maria@maria.com",
        "is_staff": false,
        "is_active": true,
        "date_joined": "2025-12-06T18:59:10.617",
        "rol": 3,
        "groups": [
            3
        ],
        "user_permissions": []
    }
},
{
    "model": "AlphaAutos.usuario",
    "pk": 9,
    "fields": {
        "password": "pbkdf2_sha256$870000$LGKNp1BZ4n8GYYh5t2gGPw$9XdbIzcVjurAOAHgXEhQ6+wcieufcXXGAj7sLB5rkzc=",
        "last_login": "2025-12-07T20:43:38.587",
        "is_superuser": false,
        "username": "raul",
        "first_name": "",
        "last_name": "",
        "email": "raul@raul.com",
        "is_staff": false,
        "is_active": true,
        "date_joined": "2025-12-07T20:14:19.392",
        "rol": 3,
        "groups": [
            3
        ],
        "user_permissions": []
    }
},
{
    "model": "AlphaAutos.gerente",
    "pk": 2,
    "fields": {
        "usuario": 7
    }
},
{
    "model": "AlphaAutos.comprador",
    "pk": 4,
    "fields": {
        "usuario": 8,
        "telefono": "622009152"
    }
},
{
    "model": "AlphaAutos.comprador",
    "pk": 5,
    "fields": {
        "usuario": 9,
        "telefono": "622009154"
    }
},
{
    "model": "AlphaAutos.concesionario",
    "pk": 1,
    "fields": {
        "nombre": "Human clear add but project past see southern.",
        "direccion": "Establish box understand leader protect. Consider wish report part ever. System size TV blue.\nNature house edge get next board painting speak. Capital animal worry pick lead color travel.",
        "telefono": "Sense college.",
        "ciudad": "Fast often sing meeting street affect quite."
    }
},
{
    "model": "AlphaAutos.concesionario",
    "pk": 2,
    "fields": {
        "nombre": "Man amount add play sit. Others term staff task 2.",
        "direccion": "Too trade partner common. Dinner behind talk weight. Direction matter assume cup picture.\r\nKitchen type dinner entire. Response agency represent less someone business save.",
        "telefono": "944567865",
        "ciudad": "Somebody nation none security will allow."
    }
},
{
    "model": "AlphaAutos.concesionario",
    "pk": 3,
    "fields": {
        "nombre": "Turn feeling PM politics yeah point central then. Represent exist anyone fine.",
        "direccion": "Myself put figure bed. Wear discover base head rich. Choice put as gas attention heavy.\nLow news I hard down. Fear less level fund. Result take kid many art sell.",
        "telefono": "Product fact one.",
        "ciudad": "Myself wide gun heavy site eight."
    }
},
{
    "model": "AlphaAutos.concesionario",
    "pk": 4,
    "fields": {
        "nombre": "Picture often fast stand. Focus very high professional realize whole.",
        "direccion": "Two during person should raise throw. Training write role wrong five future art. Education yourself author group nothing father center market.",
        "telefono": "Suggest happen.",
        "ciudad": "Yard while class current."
    }
},
{
    "model": "AlphaAutos.concesionario",
    "pk": 5,
    "fields": {
        "nombre": "Since prepare international hospital. Dream keep and Democrat.",
        "direccion": "American important stand public road per sea. Class by force enter if six. Business usually example career.\nCall poor friend experience explain.\nQuite center father phone show enjoy.",
        "telefono": "She me effort happy.",
        "ciudad": "Probably set trip fact."
    }
},
{
    "model": "AlphaAutos.concesionario",
    "pk": 6,
    "fields": {
        "nombre": "Concesionario Infraestructuras Roca S.Coop.",
        "direccion": "Paseo Magdalena Quintana 84 Piso 5 \nSoria, 31157",
        "telefono": "+34 820 22 08 24",
        "ciudad": "Jaén"
    }
},
{
    "model": "AlphaAutos.concesionario",
    "pk": 7,
    "fields": {
        "nombre": "Concesionario Transportes Iberia S.L.",
        "direccion": "Urbanización Victor Torrents 4 Piso 5 \nTarragona, 42871",
        "telefono": "+34 820077053",
        "ciudad": "Madrid"
    }
},
{
    "model": "AlphaAutos.concesionario",
    "pk": 8,
    "fields": {
        "nombre": "Concesionario Consultoría Busquets S.L.L.",
        "direccion": "Pasaje de Leonardo Azcona 889 Piso 0 \nMelilla, 44017",
        "telefono": "+34 807179479",
        "ciudad": "Álava"
    }
},
{
    "model": "AlphaAutos.concesionario",
    "pk": 9,
    "fields": {
        "nombre": "Concesionario Juárez y asociados S.A.",
        "direccion": "Via de Natalio Quintero 686 Piso 7 \nVizcaya, 08989",
        "telefono": "+34 803 714 466",
        "ciudad": "Burgos"
    }
},
{
    "model": "AlphaAutos.concesionario",
    "pk": 10,
    "fields": {
        "nombre": "Concesionario Iglesias y asociados S.A.",
        "direccion": "Cuesta Agustín Galán 33\nLleida, 03325",
        "telefono": "+34 928135671",
        "ciudad": "Tarragona"
    }
},
{
    "model": "AlphaAutos.concesionario",
    "pk": 11,
    "fields": {
        "nombre": "Concesionario Tecnologías HN S.L.L.",
        "direccion": "Cuesta de Olegario Gascón 52 Piso 1 \nBadajoz, 26534",
        "telefono": "+34 883 95 77 31",
        "ciudad": "Sevilla"
    }
},
{
    "model": "AlphaAutos.concesionario",
    "pk": 12,
    "fields": {
        "nombre": "Concesionario Construcción Pardo & Asociados S.A.",
        "direccion": "Camino de Concha Giménez 8\nCastellón, 45254",
        "telefono": "+34 871 319 736",
        "ciudad": "Málaga"
    }
},
{
    "model": "AlphaAutos.concesionario",
    "pk": 13,
    "fields": {
        "nombre": "Concesionario Alimentación TMS S.Com.",
        "direccion": "Callejón de Gregorio Coca 38 Piso 8 \nPalencia, 33355",
        "telefono": "+34 972049697",
        "ciudad": "Melilla"
    }
},
{
    "model": "AlphaAutos.concesionario",
    "pk": 14,
    "fields": {
        "nombre": "Concesionario Rodolfo Asensio Gordillo S.L.U.",
        "direccion": "Rambla Carmen Moliner 171\nHuesca, 41942",
        "telefono": "+34 806 919 767",
        "ciudad": "Palencia"
    }
},
{
    "model": "AlphaAutos.concesionario",
    "pk": 15,
    "fields": {
        "nombre": "Concesionario Contreras y Gracia S.A.",
        "direccion": "Plaza de Leandra Donoso 668\nLa Rioja, 18442",
        "telefono": "+34820 28 52 91",
        "ciudad": "Salamanca"
    }
},
{
    "model": "AlphaAutos.empleado",
    "pk": 2,
    "fields": {
        "concesionario": 3,
        "nombre": "Teach pick perhaps technology. Appear Democrat cell add.",
        "puesto": "Glass meeting book charge garden.",
        "salario": "0.73",
        "fecha_contratacion": "1993-03-17"
    }
},
{
    "model": "AlphaAutos.empleado",
    "pk": 3,
    "fields": {
        "concesionario": 3,
        "nombre": "Road another should to. Toward push mouth much north hand.",
        "puesto": "Region decade safe partner. Around above certainly station stop.",
        "salario": "0.78",
        "fecha_contratacion": "2013-02-17"
    }
},
{
    "model": "AlphaAutos.empleado",
    "pk": 4,
    "fields": {
        "concesionario": 3,
        "nombre": "Nor time everyone customer firm impact both region. Talk fire within agency. Stage word offer.",
        "puesto": "Add cause number answer discuss five wear. Laugh common maybe top prevent cause.",
        "salario": "0.77",
        "fecha_contratacion": "1970-11-08"
    }
},
{
    "model": "AlphaAutos.empleado",
    "pk": 5,
    "fields": {
        "concesionario": 5,
        "nombre": "From eat debate fill rate test. Finish kind also throughout space west water raise.",
        "puesto": "Go win police send summer and. Day available always future collection produce.",
        "salario": "0.72",
        "fecha_contratacion": "2013-05-02"
    }
},
{
    "model": "AlphaAutos.empleado",
    "pk": 6,
    "fields": {
        "concesionario": 6,
        "nombre": "Loreto Álvarez Rey",
        "puesto": "Mecánico",
        "salario": "1403.91",
        "fecha_contratacion": "2023-03-24"
    }
},
{
    "model": "AlphaAutos.empleado",
    "pk": 7,
    "fields": {
        "concesionario": 15,
        "nombre": "Corona Armas Cabo",
        "puesto": "Mecánico",
        "salario": "2800.82",
        "fecha_contratacion": "2016-11-22"
    }
},
{
    "model": "AlphaAutos.empleado",
    "pk": 8,
    "fields": {
        "concesionario": 14,
        "nombre": "Adolfo Cabeza-Millán",
        "puesto": "Vendedor",
        "salario": "2661.58",
        "fecha_contratacion": "2016-05-23"
    }
},
{
    "model": "AlphaAutos.empleado",
    "pk": 9,
    "fields": {
        "concesionario": 12,
        "nombre": "Baldomero Morante Jaume",
        "puesto": "Administrativo",
        "salario": "1728.94",
        "fecha_contratacion": "2015-12-15"
    }
},
{
    "model": "AlphaAutos.empleado",
    "pk": 10,
    "fields": {
        "concesionario": 15,
        "nombre": "Óscar Vicente Valentín Villanueva",
        "puesto": "Administrativo",
        "salario": "2983.27",
        "fecha_contratacion": "2022-12-09"
    }
},
{
    "model": "AlphaAutos.empleado",
    "pk": 11,
    "fields": {
        "concesionario": 10,
        "nombre": "Eliseo Ferrera Mascaró",
        "puesto": "Gerente",
        "salario": "1314.64",
        "fecha_contratacion": "2019-12-19"
    }
},
{
    "model": "AlphaAutos.empleado",
    "pk": 12,
    "fields": {
        "concesionario": 14,
        "nombre": "Pánfilo Sacristán Crespo",
        "puesto": "Gerente",
        "salario": "1418.24",
        "fecha_contratacion": "2019-05-02"
    }
},
{
    "model": "AlphaAutos.empleado",
    "pk": 13,
    "fields": {
        "concesionario": 10,
        "nombre": "Timoteo Valencia Muro",
        "puesto": "Mecánico",
        "salario": "1970.45",
        "fecha_contratacion": "2022-10-15"
    }
},
{
    "model": "AlphaAutos.empleado",
    "pk": 14,
    "fields": {
        "concesionario": 15,
        "nombre": "Sofía Bayón Bauzà",
        "puesto": "Administrativo",
        "salario": "2686.77",
        "fecha_contratacion": "2024-07-23"
    }
},
{
    "model": "AlphaAutos.empleado",
    "pk": 15,
    "fields": {
        "concesionario": 13,
        "nombre": "Flavio Rodrigo",
        "puesto": "Mecánico",
        "salario": "2363.90",
        "fecha_contratacion": "2021-12-06"
    }
},
{
    "model": "AlphaAutos.usuario_empleado",
    "pk": 1,
    "fields": {
        "empleado": 2,
        "direccion": "Man speak child country pattern item free. Charge why message economy.\nSerious vote food wife land. Them up Mrs maintain before pull act.",
        "telefono": "This challenge.",
        "experiencia": -2601
    }
},
{
    "model": "AlphaAutos.usuario_empleado",
    "pk": 2,
    "fields": {
        "empleado": 3,
        "direccion": "Use produce reality challenge impact. Senior foot remain feel series performance number. On reveal miss staff expert three.\nWrong letter all person east garden. Now everybody statement know.",
        "telefono": "Keep career evening.",
        "experiencia": -24106
    }
},
{
    "model": "AlphaAutos.usuario_empleado",
    "pk": 4,
    "fields": {
        "empleado": 5,
        "direccion": "Them concern pretty care war.\nHot task Congress building election company may. Half he with water direction likely.\nBaby particularly less himself or kid. Blood create life yard open.",
        "telefono": "Program floor.",
        "experiencia": -12836
    }
},
{
    "model": "AlphaAutos.usuario_empleado",
    "pk": 5,
    "fields": {
        "empleado": 4,
        "direccion": "Republican offer marriage something of agent. Sign business loss door. Herself southern back.",
        "telefono": "Hit hotel however.",
        "experiencia": -8081
    }
},
{
    "model": "AlphaAutos.usuario_empleado",
    "pk": 6,
    "fields": {
        "empleado": 6,
        "direccion": "C. de Santiago Viana 57 Apt. 86 \nSegovia, 06054",
        "telefono": "+34 823365078",
        "experiencia": 18
    }
},
{
    "model": "AlphaAutos.usuario_empleado",
    "pk": 7,
    "fields": {
        "empleado": 7,
        "direccion": "Calle de Nazaret Valera 74 Puerta 9 \nCantabria, 11644",
        "telefono": "+34 845 60 05 24",
        "experiencia": 2
    }
},
{
    "model": "AlphaAutos.usuario_empleado",
    "pk": 8,
    "fields": {
        "empleado": 8,
        "direccion": "Urbanización Emigdio Villanueva 72\nÁvila, 16923",
        "telefono": "+34825819502",
        "experiencia": 7
    }
},
{
    "model": "AlphaAutos.usuario_empleado",
    "pk": 9,
    "fields": {
        "empleado": 9,
        "direccion": "Alameda Felipe Verdú 92\nBarcelona, 28036",
        "telefono": "+34 803829334",
        "experiencia": 20
    }
},
{
    "model": "AlphaAutos.usuario_empleado",
    "pk": 10,
    "fields": {
        "empleado": 10,
        "direccion": "C. Gisela Llanos 70\nBarcelona, 37915",
        "telefono": "+34803 87 58 58",
        "experiencia": 8
    }
},
{
    "model": "AlphaAutos.usuario_empleado",
    "pk": 11,
    "fields": {
        "empleado": 11,
        "direccion": "Glorieta Amelia Enríquez 54 Puerta 1 \nCantabria, 08762",
        "telefono": "+34827 810 931",
        "experiencia": 0
    }
},
{
    "model": "AlphaAutos.usuario_empleado",
    "pk": 12,
    "fields": {
        "empleado": 12,
        "direccion": "Urbanización Amor Osuna 17\nLas Palmas, 44556",
        "telefono": "+34 886521288",
        "experiencia": 0
    }
},
{
    "model": "AlphaAutos.usuario_empleado",
    "pk": 13,
    "fields": {
        "empleado": 13,
        "direccion": "Callejón de Clara Casals 50 Puerta 9 \nAlmería, 11835",
        "telefono": "+34 973 68 05 94",
        "experiencia": 19
    }
},
{
    "model": "AlphaAutos.usuario_empleado",
    "pk": 14,
    "fields": {
        "empleado": 14,
        "direccion": "Cañada de María Ángeles Marqués 20\nÁlava, 19286",
        "telefono": "+34 947 800 320",
        "experiencia": 0
    }
},
{
    "model": "AlphaAutos.usuario_empleado",
    "pk": 15,
    "fields": {
        "empleado": 15,
        "direccion": "Paseo Godofredo Carrillo 62\nLleida, 05341",
        "telefono": "+34927 39 27 49",
        "experiencia": 12
    }
},
{
    "model": "AlphaAutos.marca",
    "pk": 1,
    "fields": {
        "nombre": "Join executive gas second himself.",
        "pais_origen": "Business view follow which similar.",
        "anio_fundacion": -28300,
        "descripcion": "See brother whom business. Effect another recognize tough.\nBehavior join travel billion because fast. Section stay catch beautiful these mind."
    }
},
{
    "model": "AlphaAutos.marca",
    "pk": 2,
    "fields": {
        "nombre": "Edge total history customer recently base.",
        "pais_origen": "Them magazine forward west tonight performance.",
        "anio_fundacion": 19784,
        "descripcion": "Economy various natural suggest play. Its choice development.\nDemocratic against simple. Market executive past task outside staff."
    }
},
{
    "model": "AlphaAutos.marca",
    "pk": 3,
    "fields": {
        "nombre": "True both boy month Mrs.",
        "pais_origen": "Property line if me.",
        "anio_fundacion": -1882,
        "descripcion": "Pass Congress both determine magazine thought far. Answer to foot religious property capital. Cultural life either foreign cause finally. Rate performance clearly in."
    }
},
{
    "model": "AlphaAutos.marca",
    "pk": 4,
    "fields": {
        "nombre": "Perhaps enough that seek. Car military wind.",
        "pais_origen": "Manage need poor large.",
        "anio_fundacion": -6053,
        "descripcion": "Increase focus marriage he relationship every beyond. Energy especially beyond apply. Number everyone young paper say can."
    }
},
{
    "model": "AlphaAutos.marca",
    "pk": 5,
    "fields": {
        "nombre": "Against authority ball course down air director.",
        "pais_origen": "Tree subject stop detail worker less.",
        "anio_fundacion": -10820,
        "descripcion": "Voice herself keep point. Very argue necessary war seat. May begin perhaps available effect statement."
    }
},
{
    "model": "AlphaAutos.marca",
    "pk": 6,
    "fields": {
        "nombre": "Alcántara y Cobos S.L.",
        "pais_origen": "Trinidad y Tabago",
        "anio_fundacion": 2018,
        "descripcion": "anio elementos francisco mesa diversas últimos."
    }
},
{
    "model": "AlphaAutos.marca",
    "pk": 7,
    "fields": {
        "nombre": "Restauración Albero S.C.P",
        "pais_origen": "Azerbaiyán",
        "anio_fundacion": 1971,
        "descripcion": "Última solo salud varias objeto esfuerzo democracia."
    }
},
{
    "model": "AlphaAutos.marca",
    "pk": 8,
    "fields": {
        "nombre": "Talleres del Noroeste S.A.",
        "pais_origen": "Uganda",
        "anio_fundacion": 1952,
        "descripcion": "Crisis hacerlo embargo contenido. Podía argentina lenguaje acerca."
    }
},
{
    "model": "AlphaAutos.marca",
    "pk": 9,
    "fields": {
        "nombre": "Inversiones Internacionales S.L.N.E",
        "pais_origen": "Guinea",
        "anio_fundacion": 1979,
        "descripcion": "Viene director grande hacen hemos otra estados presenta. Principales cuarto políticas vía marzo."
    }
},
{
    "model": "AlphaAutos.marca",
    "pk": 10,
    "fields": {
        "nombre": "Distribuciones Piñol y asociados S.L.",
        "pais_origen": "República Democrática Popular Lao",
        "anio_fundacion": 1977,
        "descripcion": "Palabras experiencia tu principios victoria creo. Creo viaje c aun evitar mercado para."
    }
},
{
    "model": "AlphaAutos.marca",
    "pk": 11,
    "fields": {
        "nombre": "Vilma Leiva Izaguirre S.A.T.",
        "pais_origen": "Iraq",
        "anio_fundacion": 1992,
        "descripcion": "Especie sur francisco. Va posición buenos elementos productos ir n."
    }
},
{
    "model": "AlphaAutos.marca",
    "pk": 12,
    "fields": {
        "nombre": "Familia López S.Coop.",
        "pais_origen": "Zimbabwe",
        "anio_fundacion": 2012,
        "descripcion": "Cuando asociación acuerdo bajo. Se fecha servicio."
    }
},
{
    "model": "AlphaAutos.marca",
    "pk": 13,
    "fields": {
        "nombre": "Consultoría Pallarès S.A.",
        "pais_origen": "Mongolia",
        "anio_fundacion": 1967,
        "descripcion": "Mano salir éste control buen. Democracia embargo pronto señora población antes."
    }
},
{
    "model": "AlphaAutos.marca",
    "pk": 14,
    "fields": {
        "nombre": "Dolores Fabregat Cantero S.A.T.",
        "pais_origen": "Malta",
        "anio_fundacion": 2016,
        "descripcion": "Tan las enfermedad. Martín gonzález uso etc radio casa."
    }
},
{
    "model": "AlphaAutos.marca",
    "pk": 15,
    "fields": {
        "nombre": "Infraestructuras Espaniola S.L.",
        "pais_origen": "Tailandia",
        "anio_fundacion": 1998,
        "descripcion": "Negro queda tenían espanioles acerca."
    }
},
{
    "model": "AlphaAutos.marca",
    "pk": 16,
    "fields": {
        "nombre": "BMW",
        "pais_origen": "Alemania",
        "anio_fundacion": 1950,
        "descripcion": "Marca Alemana"
    }
},
{
    "model": "AlphaAutos.coche",
    "pk": 1,
    "fields": {
        "marca": 2,
        "concesionario": 5,
        "modelo": "Generation true white admit. Hospital live wife position.",
        "precio": "0.31",
        "transmision": "MT",
        "fecha_fabricacion": "2024-12-28",
        "imagen": ""
    }
},
{
    "model": "AlphaAutos.coche",
    "pk": 2,
    "fields": {
        "marca": 4,
        "concesionario": 1,
        "modelo": "Participant boy yet probably PM whole. Week trade outside safe.",
        "precio": "0.27",
        "transmision": "MT",
        "fecha_fabricacion": "2002-03-10",
        "imagen": ""
    }
},
{
    "model": "AlphaAutos.coche",
    "pk": 3,
    "fields": {
        "marca": 2,
        "concesionario": 5,
        "modelo": "Make responsibility some scene ability service entire actually. Former blue guess.",
        "precio": "0.97",
        "transmision": "MT",
        "fecha_fabricacion": "1984-04-20",
        "imagen": ""
    }
},
{
    "model": "AlphaAutos.coche",
    "pk": 4,
    "fields": {
        "marca": 2,
        "concesionario": 2,
        "modelo": "His hear east style. Black eye expect night worker.",
        "precio": "0.71",
        "transmision": "MT",
        "fecha_fabricacion": "1988-05-26",
        "imagen": ""
    }
},
{
    "model": "AlphaAutos.coche",
    "pk": 5,
    "fields": {
        "marca": 2,
        "concesionario": 3,
        "modelo": "Sister quite available gas. Green camera receive every experience.",
        "precio": "0.31",
        "transmision": "MT",
        "fecha_fabricacion": "1971-08-08",
        "imagen": ""
    }
},
{
    "model": "AlphaAutos.coche",
    "pk": 6,
    "fields": {
        "marca": 9,
        "concesionario": 6,
        "modelo": "Tal",
        "precio": "35682.30",
        "transmision": "MT",
        "fecha_fabricacion": "2021-06-23",
        "imagen": ""
    }
},
{
    "model": "AlphaAutos.coche",
    "pk": 7,
    "fields": {
        "marca": 14,
        "concesionario": 7,
        "modelo": "Pacientes",
        "precio": "13316.50",
        "transmision": "AT",
        "fecha_fabricacion": "2021-06-28",
        "imagen": ""
    }
},
{
    "model": "AlphaAutos.coche",
    "pk": 9,
    "fields": {
        "marca": 15,
        "concesionario": 12,
        "modelo": "Vivir",
        "precio": "34471.34",
        "transmision": "MT",
        "fecha_fabricacion": "2024-01-14",
        "imagen": ""
    }
},
{
    "model": "AlphaAutos.coche",
    "pk": 10,
    "fields": {
        "marca": 8,
        "concesionario": 13,
        "modelo": "Marzo",
        "precio": "22264.21",
        "transmision": "AT",
        "fecha_fabricacion": "2024-06-26",
        "imagen": ""
    }
},
{
    "model": "AlphaAutos.coche",
    "pk": 11,
    "fields": {
        "marca": 7,
        "concesionario": 6,
        "modelo": "Parece",
        "precio": "46355.46",
        "transmision": "MT",
        "fecha_fabricacion": "2021-02-24",
        "imagen": ""
    }
},
{
    "model": "AlphaAutos.coche",
    "pk": 12,
    "fields": {
        "marca": 15,
        "concesionario": 10,
        "modelo": "Popular",
        "precio": "29011.23",
        "transmision": "AT",
        "fecha_fabricacion": "2025-03-23",
        "imagen": ""
    }
},
{
    "model": "AlphaAutos.coche",
    "pk": 13,
    "fields": {
        "marca": 15,
        "concesionario": 11,
        "modelo": "Siglo",
        "precio": "57729.17",
        "transmision": "AT",
        "fecha_fabricacion": "2025-01-16",
        "imagen": ""
    }
},
{
    "model": "AlphaAutos.coche",
    "pk": 14,
    "fields": {
        "marca": 10,
        "concesionario": 8,
        "modelo": "Corte",
        "precio": "32760.27",
        "transmision": "AT",
        "fecha_fabricacion": "2023-12-02",
        "imagen": ""
    }
},
{
    "model": "AlphaAutos.coche",
    "pk": 15,
    "fields": {
        "marca": 8,
        "concesionario": 6,
        "modelo": "Unión",
        "precio": "46469.86",
        "transmision": "AT",
        "fecha_fabricacion": "2024-05-10",
        "imagen": ""
    }
},
{
    "model": "AlphaAutos.coche",
    "pk": 16,
    "fields": {
        "marca": 16,
        "concesionario": 15,
        "modelo": "M3",
        "precio": "30000.00",
        "transmision": "AT",
        "fecha_fabricacion": "2025-01-01",
        "imagen": ""
    }
},
{
    "model": "AlphaAutos.datos_cliente",
    "pk": 1,
    "fields": {
        "comprador": null,
        "direccion": "Central write media station single. Understand order compare drug space.\nDespite shoulder remain. Off exactly behind. I statement computer interest sell.",
        "dni": "Few local.",
        "puntos_fidelidad": 0.9842274076024741
    }
},
{
    "model": "AlphaAutos.datos_cliente",
    "pk": 2,
    "fields": {
        "comprador": null,
        "direccion": "Past send know seat. By without himself charge cup must. Left nation agency decision.",
        "dni": "Event when by.",
        "puntos_fidelidad": 0.7854437954301934
    }
},
{
    "model": "AlphaAutos.datos_cliente",
    "pk": 3,
    "fields": {
        "comprador": null,
        "direccion": "Service early can help little finish wind. Success father good carry skin return near learn.\nImage director alone. Sometimes down magazine eye respond draw item.",
        "dni": "Method eight.",
        "puntos_fidelidad": 0.36003124368858586
    }
},
{
    "model": "AlphaAutos.datos_cliente",
    "pk": 4,
    "fields": {
        "comprador": null,
        "direccion": "Their such time idea represent art money. Wall such reveal leader. Manager blue your station half.",
        "dni": "Agency crime.",
        "puntos_fidelidad": 0.5994362960394748
    }
},
{
    "model": "AlphaAutos.datos_cliente",
    "pk": 5,
    "fields": {
        "comprador": null,
        "direccion": "Difference same model time week. Whether surface agency woman community parent kid. Service memory night let will change.\nStatement staff best throughout half. Although race be.",
        "dni": "Town next.",
        "puntos_fidelidad": 0.6802418996528881
    }
},
{
    "model": "AlphaAutos.datos_cliente",
    "pk": 6,
    "fields": {
        "comprador": null,
        "direccion": "Glorieta Lupe Lucas 74\nBadajoz, 17663",
        "dni": "14096331A",
        "puntos_fidelidad": 2.0170664812234396
    }
},
{
    "model": "AlphaAutos.datos_cliente",
    "pk": 7,
    "fields": {
        "comprador": null,
        "direccion": "Ronda Narcisa Cadenas 2\nTeruel, 41019",
        "dni": "68971959A",
        "puntos_fidelidad": 0.9823897719645314
    }
},
{
    "model": "AlphaAutos.datos_cliente",
    "pk": 8,
    "fields": {
        "comprador": null,
        "direccion": "Pasaje León Codina 19\nZaragoza, 11205",
        "dni": "36184648A",
        "puntos_fidelidad": 93.74638755803572
    }
},
{
    "model": "AlphaAutos.datos_cliente",
    "pk": 9,
    "fields": {
        "comprador": null,
        "direccion": "Cañada Marcia Velasco 88 Apt. 78 \nSanta Cruz de Tenerife, 31531",
        "dni": "75580998A",
        "puntos_fidelidad": 15.49981280283913
    }
},
{
    "model": "AlphaAutos.datos_cliente",
    "pk": 10,
    "fields": {
        "comprador": null,
        "direccion": "Camino de Segismundo Granados 13 Apt. 22 \nSevilla, 42713",
        "dni": "95723221A",
        "puntos_fidelidad": 32.825169540049174
    }
},
{
    "model": "AlphaAutos.datos_cliente",
    "pk": 11,
    "fields": {
        "comprador": null,
        "direccion": "Cañada de Rodrigo Noriega 10\nPontevedra, 03781",
        "dni": "29702043A",
        "puntos_fidelidad": 81.48391112588115
    }
},
{
    "model": "AlphaAutos.datos_cliente",
    "pk": 12,
    "fields": {
        "comprador": null,
        "direccion": "Vial de Cristian Abella 7\nSoria, 32924",
        "dni": "12390037A",
        "puntos_fidelidad": 21.189836697097075
    }
},
{
    "model": "AlphaAutos.datos_cliente",
    "pk": 13,
    "fields": {
        "comprador": null,
        "direccion": "Rambla de Mariano Cervera 6\nJaén, 51511",
        "dni": "69051141A",
        "puntos_fidelidad": 39.31342697071434
    }
},
{
    "model": "AlphaAutos.datos_cliente",
    "pk": 14,
    "fields": {
        "comprador": null,
        "direccion": "Calle Jafet Verdú 31 Piso 0 \nSegovia, 48196",
        "dni": "21631602A",
        "puntos_fidelidad": 77.57126046795304
    }
},
{
    "model": "AlphaAutos.datos_cliente",
    "pk": 15,
    "fields": {
        "comprador": null,
        "direccion": "Paseo Eligia Roselló 21\nSevilla, 05406",
        "dni": "32237857A",
        "puntos_fidelidad": 22.317165046917253
    }
},
{
    "model": "AlphaAutos.venta",
    "pk": 19,
    "fields": {
        "comprador": 4,
        "coche": 16,
        "fecha_venta": "2025-12-07",
        "precio_final": "30000.00",
        "metodo_pago": "Efectivo"
    }
},
{
    "model": "AlphaAutos.venta",
    "pk": 21,
    "fields": {
        "comprador": 4,
        "coche": 15,
        "fecha_venta": "2025-12-07",
        "precio_final": "46469.86",
        "metodo_pago": "Efectivo"
    }
},
{
    "model": "AlphaAutos.venta",
    "pk": 22,
    "fields": {
        "comprador": 5,
        "coche": 14,
        "fecha_venta": "2025-12-07",
        "precio_final": "32760.27",
        "metodo_pago": "Efectivo"
    }
},
{
    "model": "AlphaAutos.seguro",
    "pk": 1,
    "fields": {
        "coche": 1,
        "tipo_seguro": "Office accept Mrs it lawyer kind number nearly.",
        "precio_mensual": "0.97",
        "duracion": -8243
    }
},
{
    "model": "AlphaAutos.seguro",
    "pk": 2,
    "fields": {
        "coche": 5,
        "tipo_seguro": "From too now door.",
        "precio_mensual": "0.37",
        "duracion": -31019
    }
},
{
    "model": "AlphaAutos.seguro",
    "pk": 3,
    "fields": {
        "coche": 4,
        "tipo_seguro": "East affect as return she their.",
        "precio_mensual": "0.73",
        "duracion": -25148
    }
},
{
    "model": "AlphaAutos.seguro",
    "pk": 4,
    "fields": {
        "coche": 2,
        "tipo_seguro": "Position people because sure.",
        "precio_mensual": "0.75",
        "duracion": 6694
    }
},
{
    "model": "AlphaAutos.seguro",
    "pk": 5,
    "fields": {
        "coche": 3,
        "tipo_seguro": "Quickly size region mention. Your huge although.",
        "precio_mensual": "0.71",
        "duracion": 13148
    }
},
{
    "model": "AlphaAutos.seguro",
    "pk": 6,
    "fields": {
        "coche": 6,
        "tipo_seguro": "Básico",
        "precio_mensual": "144.90",
        "duracion": 12
    }
},
{
    "model": "AlphaAutos.seguro",
    "pk": 7,
    "fields": {
        "coche": 7,
        "tipo_seguro": "Completo",
        "precio_mensual": "95.84",
        "duracion": 35
    }
},
{
    "model": "AlphaAutos.seguro",
    "pk": 9,
    "fields": {
        "coche": 9,
        "tipo_seguro": "Premium",
        "precio_mensual": "113.59",
        "duracion": 33
    }
},
{
    "model": "AlphaAutos.seguro",
    "pk": 10,
    "fields": {
        "coche": 10,
        "tipo_seguro": "Básico",
        "precio_mensual": "84.18",
        "duracion": 21
    }
},
{
    "model": "AlphaAutos.seguro",
    "pk": 11,
    "fields": {
        "coche": 11,
        "tipo_seguro": "Premium",
        "precio_mensual": "185.37",
        "duracion": 16
    }
},
{
    "model": "AlphaAutos.seguro",
    "pk": 12,
    "fields": {
        "coche": 12,
        "tipo_seguro": "Completo",
        "precio_mensual": "111.71",
        "duracion": 35
    }
},
{
    "model": "AlphaAutos.seguro",
    "pk": 13,
    "fields": {
        "coche": 13,
        "tipo_seguro": "Básico",
        "precio_mensual": "73.49",
        "duracion": 23
    }
},
{
    "model": "AlphaAutos.seguro",
    "pk": 14,
    "fields": {
        "coche": 14,
        "tipo_seguro": "Premium",
        "precio_mensual": "186.54",
        "duracion": 18
    }
},
{
    "model": "AlphaAutos.seguro",
    "pk": 15,
    "fields": {
        "coche": 15,
        "tipo_seguro": "Básico",
        "precio_mensual": "152.44",
        "duracion": 23
    }
},
{
    "model": "AlphaAutos.aseguradora",
    "pk": 1,
    "fields": {
        "nombre": "Ok final view perform five.\nCollege popular place ok must because.",
        "pais": "Stop similar rule allow.",
        "telefono": "Seat difference.",
        "web": "https://gonzalez-steele.com/explore/tag/bloglogin.html",
        "seguros": [
            1
        ]
    }
},
{
    "model": "AlphaAutos.aseguradora",
    "pk": 2,
    "fields": {
        "nombre": "Good its name store Mrs recent. Ability themselves conference of trip. Plant walk foreign end.",
        "pais": "Movie control view. Avoid girl most.",
        "telefono": "Military.",
        "web": "http://campbell-trujillo.net/main/explore/searchfaq.asp",
        "seguros": [
            4
        ]
    }
},
{
    "model": "AlphaAutos.aseguradora",
    "pk": 3,
    "fields": {
        "nombre": "Consumer hundred happy authority cell purpose. Which certain continue technology director any.",
        "pais": "Act ten party this discussion size system than.",
        "telefono": "Last war provide.",
        "web": "https://www.sutton-villanueva.com/search/blog/mainregister.php",
        "seguros": [
            5
        ]
    }
},
{
    "model": "AlphaAutos.aseguradora",
    "pk": 4,
    "fields": {
        "nombre": "With I forward there final goal carry nor. Should get church year assume high husband.",
        "pais": "Its structure many investment that seven others.",
        "telefono": "Letter every theory.",
        "web": "http://www.cox.com/explore/main/tagsmain.htm",
        "seguros": [
            1
        ]
    }
},
{
    "model": "AlphaAutos.aseguradora",
    "pk": 5,
    "fields": {
        "nombre": "Himself seat moment imagine deal. Strong think wait attention sense woman off former.",
        "pais": "By agree human toward future science near.",
        "telefono": "Wrong truth might.",
        "web": "http://herrera-lindsey.org/search/tagindex.jsp",
        "seguros": [
            2
        ]
    }
},
{
    "model": "AlphaAutos.aseguradora",
    "pk": 6,
    "fields": {
        "nombre": "Benavent y asociados S.Coop.",
        "pais": "República Centroafricana",
        "telefono": "+34 871 25 30 96",
        "web": "http://manufacturas.com/",
        "seguros": [
            10
        ]
    }
},
{
    "model": "AlphaAutos.aseguradora",
    "pk": 7,
    "fields": {
        "nombre": "Talleres Camacho & Asociados S.A.U",
        "pais": "República Unida de Tanzanía",
        "telefono": "+34922 56 66 73",
        "web": "https://transportes.org/",
        "seguros": [
            11
        ]
    }
},
{
    "model": "AlphaAutos.aseguradora",
    "pk": 8,
    "fields": {
        "nombre": "Farmaceútica OBBC S.A.",
        "pais": "Azerbaiyán",
        "telefono": "+34945 498 857",
        "web": "http://restauracion.net/",
        "seguros": [
            15
        ]
    }
},
{
    "model": "AlphaAutos.aseguradora",
    "pk": 9,
    "fields": {
        "nombre": "Logística Villa y asociados S.C.P",
        "pais": "República Árabe Siria",
        "telefono": "+34 723 043 053",
        "web": "https://www.egea.es/",
        "seguros": [
            9
        ]
    }
},
{
    "model": "AlphaAutos.aseguradora",
    "pk": 10,
    "fields": {
        "nombre": "Farmaceútica del Norte S.L.L.",
        "pais": "Montenegro",
        "telefono": "+34 713 89 96 97",
        "web": "https://www.fabiola.net/",
        "seguros": [
            14
        ]
    }
},
{
    "model": "AlphaAutos.aseguradora",
    "pk": 11,
    "fields": {
        "nombre": "Banca Privada OO S.Com.",
        "pais": "Honduras",
        "telefono": "+34803 706 039",
        "web": "http://diez.net/",
        "seguros": []
    }
},
{
    "model": "AlphaAutos.aseguradora",
    "pk": 12,
    "fields": {
        "nombre": "Camilo Cortés Rodríguez S.Coop.",
        "pais": "Georgia",
        "telefono": "+34800148887",
        "web": "https://www.gomez.org/",
        "seguros": [
            13
        ]
    }
},
{
    "model": "AlphaAutos.aseguradora",
    "pk": 13,
    "fields": {
        "nombre": "Hnos Sales S.L.L.",
        "pais": "India",
        "telefono": "+34 922 76 03 15",
        "web": "http://www.banco.es/",
        "seguros": [
            6
        ]
    }
},
{
    "model": "AlphaAutos.aseguradora",
    "pk": 14,
    "fields": {
        "nombre": "Comercial Diéguez & Asociados S.L.L.",
        "pais": "Qatar",
        "telefono": "+34938 039 679",
        "web": "https://www.promociones.com/",
        "seguros": [
            7,
            12
        ]
    }
},
{
    "model": "AlphaAutos.aseguradora",
    "pk": 15,
    "fields": {
        "nombre": "Industrias TJK S.A.T.",
        "pais": "Francia",
        "telefono": "+34 857527176",
        "web": "http://www.banca.es/",
        "seguros": []
    }
},
{
    "model": "AlphaAutos.mantenimiento",
    "pk": 1,
    "fields": {
        "fecha_revision": "1972-01-07",
        "kilometros": -16821,
        "comentarios": "Receive main religious interview house real. Sing turn against truth report effect nearly hold. Never safe culture world pick.\nSell dream tend power forward throughout entire.",
        "coste": "0.45",
        "coches": [
            1,
            2
        ]
    }
},
{
    "model": "AlphaAutos.mantenimiento",
    "pk": 2,
    "fields": {
        "fecha_revision": "1971-07-11",
        "kilometros": 24557,
        "comentarios": "Heavy practice yeah together chair act. Doctor throw ready peace month skin.\nWord easy line effort need live. Word capital determine glass. Establish until way national.",
        "coste": "0.02",
        "coches": [
            3
        ]
    }
},
{
    "model": "AlphaAutos.mantenimiento",
    "pk": 3,
    "fields": {
        "fecha_revision": "2004-10-21",
        "kilometros": -16518,
        "comentarios": "Partner drop worry keep. Ago pick green soldier. Try administration Congress exactly computer.",
        "coste": "0.90",
        "coches": [
            3
        ]
    }
},
{
    "model": "AlphaAutos.mantenimiento",
    "pk": 4,
    "fields": {
        "fecha_revision": "2000-03-27",
        "kilometros": -16786,
        "comentarios": "Attention law wind consider technology understand matter. His size feel product mind audience approach. Democratic possible recent else. Box new develop term as activity run.",
        "coste": "0.54",
        "coches": [
            4
        ]
    }
},
{
    "model": "AlphaAutos.mantenimiento",
    "pk": 5,
    "fields": {
        "fecha_revision": "1973-02-14",
        "kilometros": -6341,
        "comentarios": "When that hour goal. Tough who sea sister check choice another.\nRange seem moment now. Why special mention person easy change stop. Hand beyond before know writer industry plant.",
        "coste": "0.74",
        "coches": [
            4
        ]
    }
},
{
    "model": "AlphaAutos.mantenimiento",
    "pk": 6,
    "fields": {
        "fecha_revision": "2024-09-14",
        "kilometros": 59471,
        "comentarios": "Comercio seguir sangre hablar embargo asunto pues.",
        "coste": "118.92",
        "coches": [
            15
        ]
    }
},
{
    "model": "AlphaAutos.mantenimiento",
    "pk": 7,
    "fields": {
        "fecha_revision": "2025-07-19",
        "kilometros": 84078,
        "comentarios": "Mediante decía que desarrollo peor.",
        "coste": "609.97",
        "coches": [
            14
        ]
    }
},
{
    "model": "AlphaAutos.mantenimiento",
    "pk": 8,
    "fields": {
        "fecha_revision": "2024-05-27",
        "kilometros": 94764,
        "comentarios": "Cantidad llega importante generales nueva claro.",
        "coste": "787.13",
        "coches": [
            10
        ]
    }
},
{
    "model": "AlphaAutos.mantenimiento",
    "pk": 9,
    "fields": {
        "fecha_revision": "2024-04-19",
        "kilometros": 84970,
        "comentarios": "Barcelona europea su tanto.",
        "coste": "398.10",
        "coches": [
            10
        ]
    }
},
{
    "model": "AlphaAutos.mantenimiento",
    "pk": 10,
    "fields": {
        "fecha_revision": "2025-07-16",
        "kilometros": 89452,
        "comentarios": "República real mundial necesario.",
        "coste": "839.03",
        "coches": [
            11
        ]
    }
},
{
    "model": "AlphaAutos.mantenimiento",
    "pk": 11,
    "fields": {
        "fecha_revision": "2025-09-21",
        "kilometros": 34254,
        "comentarios": "Sería dentro presente medio punto fuera tiempos.",
        "coste": "559.14",
        "coches": [
            13
        ]
    }
},
{
    "model": "AlphaAutos.mantenimiento",
    "pk": 12,
    "fields": {
        "fecha_revision": "2025-08-31",
        "kilometros": 114339,
        "comentarios": "El prueba semanas.",
        "coste": "376.31",
        "coches": [
            9
        ]
    }
},
{
    "model": "AlphaAutos.mantenimiento",
    "pk": 13,
    "fields": {
        "fecha_revision": "2024-09-04",
        "kilometros": 65495,
        "comentarios": "Espera organización quién director varias modo atrás.",
        "coste": "260.89",
        "coches": [
            7
        ]
    }
},
{
    "model": "AlphaAutos.mantenimiento",
    "pk": 14,
    "fields": {
        "fecha_revision": "2025-09-03",
        "kilometros": 112646,
        "comentarios": "Poder fuentes dan espanioles estar.",
        "coste": "876.18",
        "coches": [
            10
        ]
    }
},
{
    "model": "AlphaAutos.mantenimiento",
    "pk": 15,
    "fields": {
        "fecha_revision": "2024-04-11",
        "kilometros": 87327,
        "comentarios": "Fácil contra popular siquiera hacen así unos.",
        "coste": "987.78",
        "coches": [
            14
        ]
    }
}
]
